      1,       150.0000
      2,       150.0000
      3,       150.0000
      4,       150.0000
      5,       150.0000
      6,       150.0000
      7,       150.0000
      8,       150.0000
      9,       150.0000
     10,       150.0000
     11,       150.0000
     12,       150.0000
     13,       150.0000
     14,       150.0000
     15,       150.0000
     16,       150.0000
     17,       150.0000
     18,       150.0000
     19,       150.0000
     20,       150.0000
     21,       150.0000
     22,       150.0000
     23,       150.0000
     24,       150.0000
     25,       150.0000
     26,       150.0000
     27,       150.0000
     28,       150.0000
     29,       150.0000
     30,       150.0000
     31,       150.0000
     32,       150.0000
     33,       150.0000
     34,       150.0000
     35,       150.0000
     36,       150.0000
     37,       150.0000
     38,       150.0000
     39,       150.0000
     40,       150.0000
     41,       150.0000
     42,       150.0000
     43,       150.0000
     44,       150.0000
     45,       150.0000
     46,       150.0000
     47,       150.0000
     48,       150.0000
     49,       150.0000
     50,       150.0000
     51,       150.0000
     52,       150.0000
     53,       150.0000
     54,       150.0000
     55,       150.0000
     56,       150.0000
     57,       150.0000
     58,       150.0000
     59,       150.0000
     60,       150.0000
     61,       150.0000
     62,       150.0000
     63,       150.0000
     64,       150.0000
     65,       150.0000
     66,       150.0000
     67,       150.0000
     68,       150.0000
     69,       150.0000
     70,       150.0000
     71,       150.0000
     72,       150.0000
     73,       150.0000
     74,       150.0000
     75,       150.0000
     76,       150.0000
     77,       150.0000
     78,       150.0000
     79,       150.0000
     80,       150.0000
     81,       150.0000
     82,       150.0000
     83,       150.0000
     84,       150.0000
     85,       150.0000
     86,       150.0000
     87,       150.0000
     88,       150.0000
     89,       150.0000
     90,       150.0000
     91,       150.0000
     92,       150.0000
     93,       150.0000
     94,       150.0000
     95,       150.0000
     96,       150.0000
     97,       150.0000
     98,       150.0000
     99,       150.0000
    100,       150.0000
    101,       150.0000
    102,       150.0000
    103,       150.0000
    104,       150.0000
    105,       150.0000
    106,       150.0000
    107,       150.0000
    108,       150.0000
    109,       150.0000
    110,       150.0000
    111,       150.0000
    112,       150.0000
    113,       150.0000
    114,       150.0000
    115,       150.0000
    116,       150.0000
    117,       150.0000
    118,       150.0000
    119,       150.0000
    120,       150.0000
    121,       150.0000
    122,       150.0000
    123,       150.0000
    124,       150.0000
    125,       150.0000
    126,       150.0000
    127,       150.0000
    128,       150.0000
    129,       150.0000
    130,       150.0000
    131,       150.0000
    132,       150.0000
    133,       150.0000
    134,       150.0000
    135,       150.0000
    136,       150.0000
    137,       150.0000
    138,       150.0000
    139,       150.0000
    140,       150.0000
    141,       150.0000
    142,       150.0000
    143,       150.0000
    144,       150.0000
    145,       150.0000
    146,       150.0000
    147,       150.0000
    148,       150.0000
    149,       150.0000
    150,       150.0000
    151,       150.0000
    152,       150.0000
    153,       150.0000
    154,       150.0000
    155,       150.0000
    156,       150.0000
    157,       150.0000
    158,       150.0000
    159,       150.0000
    160,       150.0000
    161,       150.0000
    162,       150.0000
    163,       150.0000
    164,       150.0000
    165,       150.0000
    166,       150.0000
    167,       150.0000
    168,       150.0000
    169,       150.0000
    170,       150.0000
    171,       150.0000
    172,       150.0000
    173,       150.0000
    174,       150.0000
    175,       150.0000
    176,       150.0000
    177,       150.0000
    178,       150.0000
    179,       150.0000
    180,       150.0000
    181,       150.0000
    182,       150.0000
    183,       150.0000
    184,       150.0000
    185,       150.0000
    186,       150.0000
    187,       150.0000
    188,       150.0000
    189,       150.0000
    190,       150.0000
    191,       150.0000
    192,       150.0000
    193,       150.0000
    194,       150.0000
    195,       150.0000
    196,       150.0000
    197,       150.0000
    198,       150.0000
    199,       150.0000
    200,       150.0000
    201,       150.0000
    202,       150.0000
    203,       150.0000
    204,       150.0000
    205,       150.0000
    206,       150.0000
    207,       150.0000
    208,       150.0000
    209,       150.0000
    210,       150.0000
    211,       150.0000
    212,       150.0000
    213,       150.0000
    214,       150.0000
    215,       150.0000
    216,       150.0000
    217,       150.0000
    218,       150.0000
    219,       150.0000
    220,       150.0000
    221,       150.0000
    222,       150.0000
    223,       150.0000
    224,       150.0000
    225,       150.0000
    226,       150.0000
    227,       150.0000
    228,       150.0000
    229,       150.0000
    230,       150.0000
    231,       150.0000
    232,       150.0000
    233,       150.0000
    234,       150.0000
    235,       150.0000
    236,       150.0000
    237,       150.0000
    238,       150.0000
    239,       150.0000
    240,       150.0000
    241,       150.0000
    242,       150.0000
    243,       150.0000
    244,       150.0000
    245,       150.0000
    246,       150.0000
    247,       150.0000
    248,       150.0000
    249,       150.0000
    250,       150.0000
    251,       150.0000
    252,       150.0000
    253,       150.0000
    254,       150.0000
    255,       150.0000
    256,       150.0000
    257,       150.0000
    258,       150.0000
    259,       150.0000
    260,       150.0000
    261,       150.0000
    262,       150.0000
    263,       150.0000
    264,       150.0000
    265,       150.0000
    266,       150.0000
    267,       150.0000
    268,       150.0000
    269,       150.0000
    270,       150.0000
    271,       150.0000
    272,       150.0000
    273,       150.0000
    274,       150.0000
    275,       150.0000
    276,       150.0000
    277,       150.0000
    278,       150.0000
    279,       150.0000
    280,       150.0000
    281,       150.0000
    282,       150.0000
    283,       150.0000
    284,       150.0000
    285,       150.0000
    286,       150.0000
    287,       150.0000
    288,       150.0000
    289,       150.0000
    290,       150.0000
    291,       150.0000
    292,       150.0000
    293,       150.0000
    294,       150.0000
    295,       150.0000
    296,       150.0000
    297,       150.0000
    298,       150.0000
    299,       150.0000
    300,       150.0000
    301,       150.0000
    302,       150.0000
    303,       150.0000
    304,       150.0000
    305,       150.0000
    306,       150.0000
    307,       150.0000
    308,       150.0000
    309,       150.0000
    310,       150.0000
    311,       150.0000
    312,       150.0000
    313,       150.0000
    314,       150.0000
    315,       150.0000
    316,       150.0000
    317,       150.0000
    318,       150.0000
    319,       150.0000
    320,       150.0000
    321,       150.0000
    322,       150.0000
    323,       150.0000
    324,       150.0000
    325,       150.0000
    326,       150.0000
    327,       150.0000
    328,       150.0000
    329,       150.0000
    330,       150.0000
    331,       150.0000
    332,       150.0000
    333,       150.0000
    334,       150.0000
    335,       150.0000
    336,       150.0000
    337,       150.0000
    338,       150.0000
    339,       150.0000
    340,       150.0000
    341,       150.0000
    342,       150.0000
    343,       150.0000
    344,       150.0000
    345,       150.0000
    346,       150.0000
    347,       150.0000
    348,       150.0000
    349,       150.0000
    350,       150.0000
    351,       150.0000
    352,       150.0000
    353,       150.0000
    354,       150.0000
    355,       150.0000
    356,       150.0000
    357,       150.0000
    358,       150.0000
    359,       150.0000
    360,       150.0000
    361,       150.0000
    362,       150.0000
    363,       150.0000
    364,       150.0000
    365,       150.0000
    366,       150.0000
    367,       150.0000
    368,       150.0000
    369,       150.0000
    370,       150.0000
    371,       150.0000
    372,       150.0000
    373,       150.0000
    374,       150.0000
    375,       150.0000
    376,       150.0000
    377,       150.0000
    378,       150.0000
    379,       150.0000
    380,       150.0000
    381,       150.0000
    382,       150.0000
    383,       150.0000
    384,       150.0000
    385,       150.0000
    386,       150.0000
    387,       150.0000
    388,       150.0000
    389,       150.0000
    390,       150.0000
    391,       150.0000
    392,       150.0000
    393,       150.0000
    394,       150.0000
    395,       150.0000
    396,       150.0000
    397,       150.0000
    398,       150.0000
    399,       150.0000
    400,       150.0000
    401,       150.0000
    402,       150.0000
    403,       150.0000
    404,       150.0000
    405,       150.0000
    406,       150.0000
    407,       150.0000
    408,       150.0000
    409,       150.0000
    410,       150.0000
    411,       150.0000
    412,       150.0000
    413,       150.0000
    414,       150.0000
    415,       150.0000
    416,       150.0000
    417,       150.0000
    418,       150.0000
    419,       150.0000
    420,       150.0000
    421,       150.0000
    422,       150.0000
    423,       150.0000
    424,       150.0000
    425,       150.0000
    426,       150.0000
    427,       150.0000
    428,       150.0000
    429,       143.7500
    430,       118.7500
    431,       150.0000
    432,       150.0000
    433,       150.0000
    434,       137.5000
    435,       150.0000
    436,       150.0000
    437,       150.0000
    438,       150.0000
    439,       150.0000
    440,       150.0000
    441,       150.0000
    442,       150.0000
    443,       150.0000
    444,       150.0000
    445,       150.0000
    446,       150.0000
    447,       150.0000
    448,       150.0000
    449,       150.0000
    450,       150.0000
    451,       150.0000
    452,       150.0000
    453,       150.0000
    454,       150.0000
    455,       150.0000
    456,       150.0000
    457,       150.0000
    458,       150.0000
    459,       150.0000
    460,       150.0000
    461,       150.0000
    462,       150.0000
    463,       150.0000
    464,       150.0000
    465,       150.0000
    466,       150.0000
    467,       150.0000
    468,       150.0000
    469,       150.0000
    470,       150.0000
    471,       150.0000
    472,       150.0000
    473,       150.0000
    474,       150.0000
    475,       150.0000
    476,       150.0000
    477,       150.0000
    478,       150.0000
    479,       150.0000
    480,       150.0000
    481,       150.0000
    482,       150.0000
    483,       150.0000
    484,       150.0000
    485,       150.0000
    486,       150.0000
    487,       150.0000
    488,       150.0000
    489,       150.0000
    490,       150.0000
    491,       150.0000
    492,       150.0000
    493,       150.0000
    494,       150.0000
    495,       150.0000
    496,       150.0000
    497,       150.0000
    498,       150.0000
    499,       150.0000
    500,       150.0000
    501,       150.0000
    502,       150.0000
    503,       150.0000
    504,       150.0000
    505,       150.0000
    506,       150.0000
    507,       150.0000
    508,       150.0000
    509,       150.0000
    510,       150.0000
    511,       150.0000
    512,       150.0000
    513,       150.0000
    514,       150.0000
    515,       150.0000
    516,       150.0000
    517,       150.0000
    518,       150.0000
    519,       150.0000
    520,       150.0000
    521,       150.0000
    522,       150.0000
    523,       150.0000
    524,       150.0000
    525,       150.0000
    526,       150.0000
    527,       150.0000
    528,       150.0000
    529,       150.0000
    530,       150.0000
    531,       150.0000
    532,       150.0000
    533,       150.0000
    534,       150.0000
    535,       150.0000
    536,       150.0000
    537,       150.0000
    538,       150.0000
    539,       150.0000
    540,       150.0000
    541,       150.0000
    542,       150.0000
    543,       150.0000
    544,       150.0000
    545,       150.0000
    546,       150.0000
    547,       150.0000
    548,       150.0000
    549,       150.0000
    550,       150.0000
    551,       150.0000
    552,       150.0000
    553,       150.0000
    554,       150.0000
    555,       150.0000
    556,       150.0000
    557,       150.0000
    558,       150.0000
    559,       150.0000
    560,       150.0000
    561,       150.0000
    562,       150.0000
    563,       150.0000
    564,       150.0000
    565,       150.0000
    566,       150.0000
    567,       150.0000
    568,       150.0000
    569,       150.0000
    570,       150.0000
    571,       150.0000
    572,       150.0000
    573,       150.0000
    574,       150.0000
    575,       150.0000
    576,       150.0000
    577,       150.0000
    578,       150.0000
    579,       150.0000
    580,       150.0000
    581,       150.0000
    582,       150.0000
    583,       150.0000
    584,       150.0000
    585,       150.0000
    586,       150.0000
    587,       150.0000
    588,       150.0000
    589,       150.0000
    590,       150.0000
    591,       150.0000
    592,       150.0000
    593,       150.0000
    594,       150.0000
    595,       150.0000
    596,       150.0000
    597,       150.0000
    598,       150.0000
    599,       150.0000
    600,       150.0000
    601,       150.0000
    602,       150.0000
    603,       150.0000
    604,       150.0000
    605,       150.0000
    606,       150.0000
    607,       150.0000
    608,       150.0000
    609,       150.0000
    610,       150.0000
    611,       150.0000
    612,       150.0000
    613,       150.0000
    614,       150.0000
    615,       150.0000
    616,       150.0000
    617,       150.0000
    618,       150.0000
    619,       150.0000
    620,       150.0000
    621,       150.0000
    622,       150.0000
    623,       150.0000
    624,       150.0000
    625,       150.0000
    626,       150.0000
    627,       150.0000
    628,       150.0000
    629,       150.0000
    630,       150.0000
    631,       150.0000
    632,       150.0000
    633,       150.0000
    634,       150.0000
    635,       150.0000
    636,       150.0000
    637,       150.0000
    638,       150.0000
    639,       150.0000
    640,       150.0000
    641,       150.0000
    642,       150.0000
    643,       150.0000
    644,       150.0000
    645,       150.0000
    646,       150.0000
    647,       150.0000
    648,       150.0000
    649,       150.0000
    650,       150.0000
    651,       150.0000
    652,       150.0000
    653,       150.0000
    654,       150.0000
    655,       150.0000
    656,       150.0000
    657,       150.0000
    658,       150.0000
    659,       150.0000
    660,       150.0000
    661,       150.0000
    662,       150.0000
    663,       150.0000
    664,       150.0000
    665,       150.0000
    666,       150.0000
    667,       150.0000
    668,       150.0000
    669,       150.0000
    670,       150.0000
    671,       150.0000
    672,       150.0000
    673,       150.0000
    674,       150.0000
    675,       150.0000
    676,       150.0000
    677,       150.0000
    678,       150.0000
    679,       150.0000
    680,       150.0000
    681,       150.0000
    682,       150.0000
    683,       150.0000
    684,       150.0000
    685,       150.0000
    686,       150.0000
    687,       150.0000
    688,       150.0000
    689,       150.0000
    690,       150.0000
    691,       150.0000
    692,       150.0000
    693,       150.0000
    694,       150.0000
    695,       150.0000
    696,       150.0000
    697,       150.0000
    698,       150.0000
    699,       150.0000
    700,       150.0000
    701,       150.0000
    702,       150.0000
    703,       150.0000
    704,       150.0000
    705,       150.0000
    706,       150.0000
    707,       150.0000
    708,       150.0000
    709,       150.0000
    710,       150.0000
    711,       150.0000
    712,       150.0000
    713,       150.0000
    714,       150.0000
    715,       150.0000
    716,       150.0000
    717,       150.0000
    718,       150.0000
    719,       150.0000
    720,       150.0000
    721,       150.0000
    722,       150.0000
    723,       150.0000
    724,       150.0000
    725,       150.0000
    726,       150.0000
    727,       150.0000
    728,       150.0000
    729,       150.0000
    730,       150.0000
    731,       150.0000
    732,       150.0000
    733,       150.0000
    734,       150.0000
    735,       150.0000
    736,       150.0000
    737,       150.0000
    738,       150.0000
    739,       150.0000
    740,       150.0000
    741,       150.0000
    742,       150.0000
    743,       150.0000
    744,       150.0000
    745,       150.0000
    746,       150.0000
    747,       150.0000
    748,       150.0000
    749,       150.0000
    750,       150.0000
    751,       150.0000
    752,       150.0000
    753,       150.0000
    754,       150.0000
    755,       150.0000
    756,       150.0000
    757,       150.0000
    758,       150.0000
    759,       150.0000
    760,       150.0000
    761,       150.0000
    762,       150.0000
    763,       150.0000
    764,       150.0000
    765,       150.0000
    766,       150.0000
    767,       150.0000
    768,       150.0000
    769,       150.0000
    770,       150.0000
    771,       150.0000
    772,       150.0000
    773,       150.0000
    774,       150.0000
    775,       150.0000
    776,       150.0000
    777,       150.0000
    778,       150.0000
    779,       150.0000
    780,       150.0000
    781,       150.0000
    782,       150.0000
    783,       150.0000
    784,       150.0000
    785,       150.0000
    786,       150.0000
    787,       150.0000
    788,       150.0000
    789,       150.0000
    790,       150.0000
    791,       150.0000
    792,       150.0000
    793,       150.0000
    794,       150.0000
    795,       150.0000
    796,       150.0000
    797,       150.0000
    798,       150.0000
    799,       150.0000
    800,       150.0000
    801,       150.0000
    802,       150.0000
    803,       150.0000
    804,       150.0000
    805,       150.0000
    806,       131.2500
    807,       150.0000
    808,       150.0000
    809,       150.0000
    810,       150.0000
    811,       150.0000
    812,       150.0000
    813,       150.0000
    814,       150.0000
    815,       150.0000
    816,       150.0000
    817,       150.0000
    818,       150.0000
    819,       150.0000
    820,       150.0000
    821,       150.0000
    822,       150.0000
    823,       150.0000
    824,       150.0000
    825,       150.0000
    826,       150.0000
    827,       150.0000
    828,       150.0000
    829,       150.0000
    830,       150.0000
    831,       150.0000
    832,       150.0000
    833,       150.0000
    834,       150.0000
    835,       150.0000
    836,       150.0000
    837,       150.0000
    838,       150.0000
    839,       150.0000
    840,       143.7500
    841,       150.0000
    842,       150.0000
    843,       150.0000
    844,       150.0000
    845,       150.0000
    846,       150.0000
    847,       150.0000
    848,       150.0000
    849,       150.0000
    850,       150.0000
    851,       150.0000
    852,       150.0000
    853,       150.0000
    854,       150.0000
    855,       150.0000
    856,       150.0000
    857,       150.0000
    858,       150.0000
    859,       150.0000
    860,       150.0000
    861,       150.0000
    862,       150.0000
    863,       150.0000
    864,       150.0000
    865,       150.0000
    866,       150.0000
    867,       150.0000
    868,       150.0000
    869,       150.0000
    870,       150.0000
    871,       150.0000
    872,       150.0000
    873,       150.0000
    874,       150.0000
    875,       150.0000
    876,       150.0000
    877,       150.0000
    878,       150.0000
    879,       150.0000
    880,       150.0000
    881,       150.0000
    882,       150.0000
    883,       150.0000
    884,       150.0000
    885,       150.0000
    886,       150.0000
    887,       150.0000
    888,       150.0000
    889,       150.0000
    890,       150.0000
    891,       150.0000
    892,       150.0000
    893,       150.0000
    894,       150.0000
    895,       150.0000
    896,       150.0000
    897,       150.0000
    898,       150.0000
    899,       150.0000
    900,       150.0000
    901,       150.0000
    902,       150.0000
    903,       150.0000
    904,       150.0000
    905,       150.0000
    906,       150.0000
    907,       150.0000
    908,       150.0000
    909,       150.0000
    910,       150.0000
    911,       150.0000
    912,       150.0000
    913,       150.0000
    914,       150.0000
    915,       150.0000
    916,       150.0000
    917,       150.0000
    918,       150.0000
    919,       150.0000
    920,       150.0000
    921,       150.0000
    922,       150.0000
    923,       150.0000
    924,       150.0000
    925,       150.0000
    926,       150.0000
    927,       150.0000
    928,       150.0000
    929,       150.0000
    930,       150.0000
    931,       150.0000
    932,       150.0000
    933,       150.0000
    934,       150.0000
    935,       150.0000
    936,       150.0000
    937,       150.0000
    938,       150.0000
    939,       150.0000
    940,       150.0000
    941,       150.0000
    942,       150.0000
    943,       150.0000
    944,       150.0000
    945,       150.0000
    946,       150.0000
    947,       150.0000
    948,       150.0000
    949,       150.0000
    950,       150.0000
    951,       150.0000
    952,       150.0000
    953,       150.0000
    954,       150.0000
    955,       150.0000
    956,       150.0000
    957,       150.0000
    958,       150.0000
    959,       150.0000
    960,       150.0000
    961,       150.0000
    962,       150.0000
    963,       150.0000
    964,       150.0000
    965,       150.0000
    966,       150.0000
    967,       150.0000
    968,       150.0000
    969,       150.0000
    970,       150.0000
    971,       150.0000
    972,       150.0000
    973,       150.0000
    974,       150.0000
    975,       150.0000
    976,       150.0000
    977,       150.0000
    978,       150.0000
    979,       150.0000
    980,       150.0000
    981,       150.0000
    982,       150.0000
    983,       150.0000
    984,       150.0000
    985,       150.0000
    986,       150.0000
    987,       150.0000
    988,       150.0000
    989,       150.0000
    990,       150.0000
    991,       150.0000
    992,       150.0000
    993,       150.0000
    994,       150.0000
    995,       150.0000
    996,       150.0000
    997,       150.0000
    998,       150.0000
    999,       150.0000
   1000,       150.0000
   1001,       150.0000
   1002,       150.0000
   1003,       150.0000
   1004,       150.0000
   1005,       150.0000
   1006,       150.0000
   1007,       150.0000
   1008,       150.0000
   1009,       150.0000
   1010,       150.0000
   1011,       150.0000
   1012,       150.0000
   1013,       150.0000
   1014,       150.0000
   1015,       150.0000
   1016,       150.0000
   1017,       150.0000
   1018,       150.0000
   1019,       150.0000
   1020,       150.0000
   1021,       150.0000
   1022,       150.0000
   1023,       150.0000
   1024,       150.0000
   1025,       150.0000
   1026,       150.0000
   1027,       150.0000
   1028,       150.0000
   1029,       150.0000
   1030,       150.0000
   1031,       150.0000
   1032,       150.0000
   1033,       150.0000
   1034,       150.0000
   1035,       150.0000
   1036,       150.0000
   1037,       150.0000
   1038,       150.0000
   1039,       150.0000
   1040,       150.0000
   1041,       150.0000
   1042,       150.0000
   1043,       150.0000
   1044,       150.0000
   1045,       150.0000
   1046,       150.0000
   1047,       150.0000
   1048,       150.0000
   1049,       150.0000
   1050,       150.0000
   1051,       150.0000
   1052,       150.0000
   1053,       150.0000
   1054,       150.0000
   1055,       150.0000
   1056,       150.0000
   1057,       150.0000
   1058,       150.0000
   1059,       150.0000
   1060,       150.0000
   1061,       150.0000
   1062,       150.0000
   1063,       150.0000
   1064,       150.0000
   1065,       150.0000
   1066,       150.0000
   1067,       150.0000
   1068,       150.0000
   1069,       150.0000
   1070,       150.0000
   1071,       150.0000
   1072,       150.0000
   1073,       150.0000
   1074,       150.0000
   1075,       150.0000
   1076,       150.0000
   1077,       150.0000
   1078,       150.0000
   1079,       150.0000
   1080,       150.0000
   1081,       150.0000
   1082,       150.0000
   1083,       150.0000
   1084,       150.0000
   1085,       150.0000
   1086,       150.0000
   1087,       150.0000
   1088,       150.0000
   1089,       150.0000
   1090,       150.0000
   1091,       150.0000
   1092,       150.0000
   1093,       150.0000
   1094,       150.0000
   1095,       150.0000
   1096,       150.0000
   1097,       150.0000
   1098,       150.0000
   1099,       150.0000
   1100,       150.0000
   1101,       150.0000
   1102,       150.0000
   1103,       150.0000
   1104,       150.0000
   1105,       150.0000
   1106,       150.0000
   1107,       150.0000
   1108,       150.0000
   1109,       150.0000
   1110,       150.0000
   1111,       150.0000
   1112,       150.0000
   1113,       150.0000
   1114,       150.0000
   1115,       150.0000
   1116,       150.0000
   1117,       150.0000
   1118,       137.5000
   1119,       150.0000
   1120,       150.0000
   1121,       150.0000
   1122,       150.0000
   1123,       112.5000
   1124,       112.5000
   1125,       150.0000
   1126,        87.5000
   1127,       150.0000
   1128,        93.7500
   1129,       106.2500
   1130,        62.5000
   1131,       125.0000
   1132,        87.5000
   1133,        87.5000
   1134,        75.0000
   1135,        43.7500
   1136,        43.7500
   1137,        87.5000
   1138,       131.2500
   1139,       150.0000
   1140,        50.0000
   1141,       100.0000
   1142,        87.5000
   1143,       137.5000
   1144,       131.2500
   1145,       150.0000
   1146,       150.0000
   1147,       150.0000
   1148,       137.5000
   1149,        87.5000
   1150,        62.5000
   1151,        43.7500
   1152,        50.0000
   1153,        43.7500
   1154,        25.0000
   1155,        43.7500
   1156,        31.2500
   1157,         6.2500
   1158,        43.7500
   1159,        43.7500
   1160,        93.7500
   1161,       143.7500
   1162,        62.5000
   1163,       131.2500
   1164,       150.0000
   1165,       150.0000
   1166,        87.5000
   1167,       150.0000
   1168,       150.0000
   1169,        68.7500
   1170,        87.5000
   1171,       150.0000
   1172,       150.0000
   1173,       150.0000
   1174,       131.2500
   1175,       150.0000
   1176,        56.2500
   1177,        56.2500
   1178,        87.5000
   1179,        68.7500
   1180,        93.7500
   1181,       150.0000
   1182,       150.0000
   1183,       150.0000
   1184,       150.0000
   1185,       150.0000
   1186,       131.2500
   1187,        93.7500
   1188,       150.0000
   1189,       150.0000
   1190,       112.5000
   1191,       150.0000
   1192,       150.0000
   1193,       150.0000
   1194,       150.0000
   1195,       150.0000
   1196,       150.0000
   1197,       150.0000
   1198,       150.0000
   1199,       118.7500
   1200,        68.7500
   1201,       131.2500
   1202,       150.0000
   1203,       112.5000
   1204,       150.0000
   1205,       150.0000
   1206,       150.0000
   1207,       150.0000
   1208,       150.0000
   1209,       150.0000
   1210,       150.0000
   1211,       150.0000
   1212,       150.0000
   1213,       150.0000
   1214,       150.0000
   1215,       150.0000
   1216,       150.0000
   1217,       150.0000
   1218,       150.0000
   1219,       150.0000
   1220,       150.0000
   1221,       150.0000
   1222,       150.0000
   1223,       150.0000
   1224,       150.0000
   1225,       150.0000
   1226,       150.0000
   1227,       150.0000
   1228,       150.0000
   1229,       150.0000
   1230,       150.0000
   1231,       150.0000
   1232,       150.0000
   1233,       150.0000
   1234,       150.0000
   1235,       150.0000
   1236,       150.0000
   1237,       150.0000
   1238,       150.0000
   1239,       150.0000
   1240,       150.0000
   1241,       150.0000
   1242,       150.0000
   1243,       150.0000
   1244,       150.0000
   1245,       150.0000
   1246,       150.0000
   1247,       150.0000
   1248,       150.0000
   1249,       150.0000
   1250,       150.0000
   1251,       150.0000
   1252,       150.0000
   1253,       150.0000
   1254,       150.0000
   1255,       150.0000
   1256,       150.0000
   1257,       150.0000
   1258,       150.0000
   1259,       150.0000
   1260,       150.0000
   1261,       150.0000
   1262,       150.0000
   1263,       150.0000
   1264,       150.0000
   1265,       150.0000
   1266,       150.0000
   1267,       150.0000
   1268,       150.0000
   1269,       150.0000
   1270,       150.0000
   1271,       150.0000
   1272,       150.0000
   1273,       150.0000
   1274,       150.0000
   1275,       150.0000
   1276,       150.0000
   1277,       150.0000
   1278,       150.0000
   1279,       150.0000
   1280,       150.0000
   1281,       150.0000
   1282,       150.0000
   1283,       150.0000
   1284,       150.0000
   1285,       150.0000
   1286,       150.0000
   1287,       150.0000
   1288,       150.0000
   1289,       150.0000
   1290,       150.0000
   1291,       150.0000
   1292,       150.0000
   1293,       150.0000
   1294,       150.0000
   1295,       150.0000
   1296,       150.0000
   1297,       150.0000
   1298,       150.0000
   1299,       150.0000
   1300,       150.0000
   1301,       150.0000
   1302,       150.0000
   1303,       150.0000
   1304,       150.0000
   1305,       150.0000
   1306,       150.0000
   1307,       150.0000
   1308,       150.0000
   1309,       150.0000
   1310,       150.0000
   1311,       150.0000
   1312,       150.0000
   1313,       150.0000
   1314,       150.0000
   1315,       150.0000
   1316,       150.0000
   1317,       150.0000
   1318,       150.0000
   1319,       150.0000
   1320,       150.0000
   1321,       150.0000
   1322,       150.0000
   1323,       150.0000
   1324,       150.0000
   1325,       150.0000
   1326,       150.0000
   1327,       150.0000
   1328,       150.0000
   1329,       150.0000
   1330,       150.0000
   1331,       150.0000
   1332,       150.0000
   1333,       150.0000
   1334,       150.0000
   1335,       150.0000
   1336,       150.0000
   1337,       150.0000
   1338,       150.0000
   1339,       150.0000
   1340,       150.0000
   1341,       150.0000
   1342,       150.0000
   1343,       150.0000
   1344,       150.0000
   1345,       150.0000
   1346,       150.0000
   1347,       150.0000
   1348,       150.0000
   1349,       150.0000
   1350,       150.0000
   1351,       150.0000
   1352,       150.0000
   1353,       150.0000
   1354,       150.0000
   1355,       150.0000
   1356,       150.0000
   1357,       150.0000
   1358,       150.0000
   1359,       150.0000
   1360,       150.0000
   1361,       150.0000
   1362,       150.0000
   1363,       150.0000
   1364,       150.0000
   1365,       150.0000
   1366,       150.0000
   1367,       150.0000
   1368,       150.0000
   1369,       150.0000
   1370,       150.0000
   1371,       150.0000
   1372,       150.0000
   1373,       150.0000
   1374,       150.0000
   1375,       150.0000
   1376,       150.0000
   1377,       150.0000
   1378,       150.0000
   1379,       150.0000
   1380,       150.0000
   1381,       150.0000
   1382,       150.0000
   1383,       150.0000
   1384,       150.0000
   1385,       150.0000
   1386,       150.0000
   1387,       150.0000
   1388,       150.0000
   1389,       150.0000
   1390,       150.0000
   1391,       150.0000
   1392,       150.0000
   1393,       150.0000
   1394,       150.0000
   1395,       150.0000
   1396,       150.0000
   1397,       150.0000
   1398,       150.0000
   1399,       150.0000
   1400,       150.0000
   1401,       150.0000
   1402,       150.0000
   1403,       150.0000
   1404,       150.0000
   1405,       150.0000
   1406,       150.0000
   1407,       150.0000
   1408,       150.0000
   1409,       150.0000
   1410,       150.0000
   1411,       150.0000
   1412,       150.0000
   1413,       150.0000
   1414,       150.0000
   1415,       150.0000
   1416,       150.0000
   1417,       150.0000
   1418,       150.0000
   1419,       150.0000
   1420,       150.0000
   1421,       150.0000
   1422,       150.0000
   1423,       150.0000
   1424,       150.0000
   1425,       150.0000
   1426,       150.0000
   1427,       150.0000
   1428,       150.0000
   1429,       150.0000
   1430,       150.0000
   1431,       150.0000
   1432,       150.0000
   1433,       150.0000
   1434,       150.0000
   1435,       150.0000
   1436,       150.0000
   1437,       150.0000
   1438,       150.0000
   1439,       150.0000
   1440,       150.0000
   1441,       150.0000
   1442,       150.0000
   1443,       150.0000
   1444,       150.0000
   1445,       150.0000
   1446,       150.0000
   1447,       150.0000
   1448,       150.0000
   1449,       150.0000
   1450,       150.0000
   1451,       150.0000
   1452,       150.0000
   1453,       150.0000
   1454,       150.0000
   1455,       150.0000
   1456,       150.0000
   1457,       150.0000
   1458,       150.0000
   1459,       150.0000
   1460,       150.0000
   1461,       150.0000
   1462,       150.0000
   1463,       150.0000
   1464,       150.0000
   1465,       150.0000
   1466,       150.0000
   1467,       150.0000
   1468,       150.0000
   1469,       150.0000
   1470,       150.0000
   1471,       150.0000
   1472,        87.5000
   1473,        75.0000
   1474,       150.0000
   1475,       150.0000
   1476,       150.0000
   1477,       150.0000
   1478,       150.0000
   1479,       150.0000
   1480,       150.0000
   1481,       150.0000
   1482,       150.0000
   1483,       150.0000
   1484,       150.0000
   1485,       150.0000
   1486,       150.0000
   1487,       150.0000
   1488,       150.0000
   1489,       150.0000
   1490,       150.0000
   1491,       150.0000
   1492,       112.5000
   1493,        81.2500
   1494,        87.5000
   1495,        50.0000
   1496,        68.7500
   1497,       137.5000
   1498,       150.0000
   1499,       150.0000
   1500,       150.0000
   1501,       150.0000
   1502,       150.0000
   1503,       112.5000
   1504,       150.0000
   1505,        43.7500
   1506,         0.0000
   1507,        75.0000
   1508,         0.0000
   1509,         0.0000
   1510,         0.0000
   1511,         0.0000
   1512,         0.0000
   1513,         0.0000
   1514,         0.0000
   1515,         0.0000
   1516,         0.0000
   1517,         0.0000
   1518,         0.0000
   1519,         0.0000
   1520,         0.0000
   1521,         0.0000
   1522,         0.0000
   1523,         0.0000
   1524,         0.0000
   1525,         0.0000
   1526,         0.0000
   1527,        75.2629
   1528,       150.0000
   1529,       150.0000
   1530,       150.0000
   1531,       150.0000
   1532,       150.0000
   1533,       150.0000
   1534,       150.0000
   1535,       150.0000
   1536,       150.0000
   1537,       150.0000
   1538,       150.0000
   1539,       150.0000
   1540,       137.5000
   1541,       150.0000
   1542,       150.0000
   1543,       150.0000
   1544,       150.0000
   1545,       150.0000
   1546,       118.7500
   1547,       150.0000
   1548,       150.0000
   1549,       150.0000
   1550,       150.0000
   1551,       150.0000
   1552,       150.0000
   1553,       150.0000
   1554,       150.0000
   1555,       150.0000
   1556,       150.0000
   1557,       150.0000
   1558,       150.0000
   1559,       150.0000
   1560,       150.0000
   1561,       150.0000
   1562,       150.0000
   1563,       150.0000
   1564,       150.0000
   1565,       150.0000
   1566,       150.0000
   1567,       150.0000
   1568,       150.0000
   1569,       150.0000
   1570,       150.0000
   1571,       150.0000
   1572,       150.0000
   1573,       150.0000
   1574,       150.0000
   1575,       150.0000
   1576,       150.0000
   1577,       150.0000
   1578,       150.0000
   1579,       150.0000
   1580,       150.0000
   1581,       150.0000
   1582,       150.0000
   1583,       150.0000
   1584,       150.0000
   1585,       150.0000
   1586,       150.0000
   1587,       150.0000
   1588,       150.0000
   1589,       150.0000
   1590,       150.0000
   1591,       150.0000
   1592,       150.0000
   1593,       150.0000
   1594,       150.0000
   1595,       150.0000
   1596,       150.0000
   1597,       150.0000
   1598,       150.0000
   1599,       150.0000
   1600,       150.0000
   1601,       150.0000
   1602,       150.0000
   1603,       150.0000
   1604,       150.0000
   1605,       150.0000
   1606,       150.0000
   1607,       150.0000
   1608,       150.0000
   1609,       150.0000
   1610,       150.0000
   1611,       150.0000
   1612,       150.0000
   1613,       150.0000
   1614,       150.0000
   1615,       150.0000
   1616,       150.0000
   1617,       150.0000
   1618,       150.0000
   1619,       150.0000
   1620,       150.0000
   1621,       150.0000
   1622,       150.0000
   1623,       150.0000
   1624,       150.0000
   1625,       150.0000
   1626,       150.0000
   1627,       150.0000
   1628,       150.0000
   1629,       150.0000
   1630,       150.0000
   1631,       150.0000
   1632,       150.0000
   1633,       150.0000
   1634,       150.0000
   1635,       150.0000
   1636,       150.0000
   1637,       150.0000
   1638,       150.0000
   1639,       150.0000
   1640,       150.0000
   1641,       150.0000
   1642,       150.0000
   1643,       150.0000
   1644,       150.0000
   1645,       150.0000
   1646,       150.0000
   1647,       150.0000
   1648,       150.0000
   1649,       150.0000
   1650,       150.0000
   1651,       150.0000
   1652,       150.0000
   1653,       150.0000
   1654,       150.0000
   1655,       150.0000
   1656,       150.0000
   1657,       150.0000
   1658,       150.0000
   1659,       150.0000
   1660,       150.0000
   1661,       150.0000
   1662,       150.0000
   1663,       150.0000
   1664,       150.0000
   1665,       150.0000
   1666,       150.0000
   1667,       150.0000
   1668,       150.0000
   1669,       150.0000
   1670,       150.0000
   1671,       150.0000
   1672,       150.0000
   1673,       150.0000
   1674,       150.0000
   1675,       150.0000
   1676,       150.0000
   1677,       150.0000
   1678,       150.0000
   1679,       150.0000
   1680,       150.0000
   1681,       150.0000
   1682,       150.0000
   1683,       150.0000
   1684,       150.0000
   1685,       150.0000
   1686,       150.0000
   1687,       150.0000
   1688,       150.0000
   1689,       150.0000
   1690,       150.0000
   1691,       150.0000
   1692,       150.0000
   1693,       150.0000
   1694,       150.0000
   1695,       150.0000
   1696,       150.0000
   1697,       150.0000
   1698,       150.0000
   1699,       150.0000
   1700,       150.0000
   1701,       150.0000
   1702,       150.0000
   1703,       150.0000
   1704,       150.0000
   1705,       150.0000
   1706,       150.0000
   1707,       150.0000
   1708,       150.0000
   1709,       150.0000
   1710,       150.0000
   1711,       150.0000
   1712,       150.0000
   1713,       150.0000
   1714,       150.0000
   1715,       150.0000
   1716,       150.0000
   1717,       150.0000
   1718,       150.0000
   1719,       150.0000
   1720,       150.0000
   1721,       150.0000
   1722,       150.0000
   1723,       150.0000
   1724,       150.0000
   1725,       150.0000
   1726,       150.0000
   1727,       150.0000
   1728,       150.0000
   1729,       150.0000
   1730,       150.0000
   1731,       150.0000
   1732,       150.0000
   1733,       150.0000
   1734,       150.0000
   1735,       150.0000
   1736,       150.0000
   1737,       150.0000
   1738,       150.0000
   1739,       150.0000
   1740,       150.0000
   1741,       150.0000
   1742,       150.0000
   1743,       150.0000
   1744,       150.0000
   1745,       150.0000
   1746,       150.0000
   1747,       150.0000
   1748,       150.0000
   1749,       150.0000
   1750,       150.0000
   1751,       150.0000
   1752,       150.0000
   1753,       150.0000
   1754,       150.0000
   1755,       150.0000
   1756,       150.0000
   1757,       150.0000
   1758,       150.0000
   1759,       150.0000
   1760,       150.0000
   1761,       150.0000
   1762,       150.0000
   1763,       150.0000
   1764,       150.0000
   1765,       150.0000
   1766,       150.0000
   1767,       150.0000
   1768,       150.0000
   1769,       150.0000
   1770,       150.0000
   1771,       150.0000
   1772,       150.0000
   1773,       150.0000
   1774,       150.0000
   1775,       150.0000
   1776,       150.0000
   1777,       150.0000
   1778,       150.0000
   1779,       150.0000
   1780,       150.0000
   1781,       150.0000
   1782,       150.0000
   1783,       150.0000
   1784,       150.0000
   1785,       150.0000
   1786,       150.0000
   1787,       150.0000
   1788,       150.0000
   1789,       150.0000
   1790,       150.0000
   1791,       150.0000
   1792,       150.0000
   1793,       150.0000
   1794,       150.0000
   1795,       150.0000
   1796,       150.0000
   1797,       150.0000
   1798,       150.0000
   1799,       150.0000
   1800,       150.0000
   1801,       150.0000
   1802,       150.0000
   1803,       150.0000
   1804,       150.0000
   1805,       150.0000
   1806,       150.0000
   1807,       150.0000
   1808,       150.0000
   1809,       150.0000
   1810,       150.0000
   1811,       150.0000
   1812,       150.0000
   1813,       150.0000
   1814,       150.0000
   1815,       150.0000
   1816,       150.0000
   1817,       150.0000
   1818,       150.0000
   1819,       150.0000
   1820,       150.0000
   1821,       150.0000
   1822,       150.0000
   1823,       150.0000
   1824,       150.0000
   1825,       150.0000
   1826,       150.0000
   1827,       150.0000
   1828,       150.0000
   1829,       150.0000
   1830,       150.0000
   1831,       150.0000
   1832,       150.0000
   1833,       150.0000
   1834,       150.0000
   1835,       150.0000
   1836,       150.0000
   1837,       150.0000
   1838,       150.0000
   1839,       150.0000
   1840,       150.0000
   1841,       150.0000
   1842,       150.0000
   1843,       150.0000
   1844,       150.0000
   1845,       150.0000
   1846,       150.0000
   1847,       150.0000
   1848,       150.0000
   1849,       150.0000
   1850,       150.0000
   1851,       150.0000
   1852,       150.0000
   1853,       150.0000
   1854,       150.0000
   1855,       150.0000
   1856,       150.0000
   1857,       150.0000
   1858,       150.0000
   1859,       150.0000
   1860,       150.0000
   1861,       150.0000
   1862,       150.0000
   1863,       150.0000
   1864,       150.0000
   1865,       150.0000
   1866,       150.0000
   1867,       150.0000
   1868,       150.0000
   1869,       150.0000
   1870,       150.0000
   1871,       150.0000
   1872,       150.0000
   1873,       150.0000
   1874,       150.0000
   1875,       150.0000
   1876,       150.0000
   1877,       150.0000
   1878,       150.0000
   1879,       150.0000
   1880,       150.0000
   1881,       150.0000
   1882,       150.0000
   1883,       150.0000
   1884,       150.0000
   1885,       150.0000
   1886,       150.0000
   1887,       150.0000
   1888,       150.0000
   1889,       150.0000
   1890,       150.0000
   1891,       150.0000
   1892,       150.0000
   1893,       150.0000
   1894,       150.0000
   1895,       150.0000
   1896,       150.0000
   1897,       150.0000
   1898,       150.0000
   1899,       150.0000
   1900,       150.0000
   1901,       150.0000
   1902,       150.0000
   1903,       150.0000
   1904,       150.0000
   1905,       150.0000
   1906,       150.0000
   1907,       150.0000
   1908,       150.0000
   1909,       150.0000
   1910,       150.0000
   1911,       150.0000
   1912,       150.0000
   1913,       150.0000
   1914,       150.0000
   1915,       150.0000
   1916,       150.0000
   1917,       150.0000
   1918,       150.0000
   1919,       150.0000
   1920,       150.0000
   1921,       150.0000
   1922,       150.0000
   1923,       150.0000
   1924,       150.0000
   1925,       150.0000
   1926,       150.0000
   1927,       150.0000
   1928,       150.0000
   1929,       150.0000
   1930,       150.0000
   1931,       150.0000
   1932,       150.0000
   1933,       150.0000
   1934,       150.0000
   1935,       150.0000
   1936,       150.0000
   1937,       150.0000
   1938,       150.0000
   1939,       150.0000
   1940,       150.0000
   1941,       150.0000
   1942,       150.0000
   1943,       150.0000
   1944,       150.0000
   1945,       150.0000
   1946,       150.0000
   1947,       150.0000
   1948,       150.0000
   1949,       150.0000
   1950,       150.0000
   1951,       150.0000
   1952,       150.0000
   1953,       150.0000
   1954,       150.0000
   1955,       150.0000
   1956,       150.0000
   1957,       150.0000
   1958,       150.0000
   1959,       150.0000
   1960,       150.0000
   1961,       150.0000
   1962,       150.0000
   1963,       150.0000
   1964,       150.0000
   1965,       150.0000
   1966,       150.0000
   1967,       150.0000
   1968,       150.0000
   1969,       150.0000
   1970,       150.0000
   1971,       150.0000
   1972,       150.0000
   1973,       150.0000
   1974,       150.0000
   1975,       150.0000
   1976,       150.0000
   1977,       150.0000
   1978,       150.0000
   1979,       150.0000
   1980,       150.0000
   1981,       150.0000
   1982,       150.0000
   1983,       150.0000
   1984,       150.0000
   1985,       150.0000
   1986,       150.0000
   1987,       150.0000
   1988,       150.0000
   1989,       150.0000
   1990,       150.0000
   1991,       150.0000
   1992,       150.0000
   1993,       150.0000
   1994,       150.0000
   1995,       150.0000
   1996,       150.0000
   1997,       150.0000
   1998,       150.0000
   1999,       150.0000
   2000,       150.0000
   2001,       150.0000
   2002,       150.0000
   2003,       150.0000
   2004,       150.0000
   2005,       150.0000
   2006,       150.0000
   2007,       150.0000
   2008,       150.0000
   2009,       150.0000
   2010,       150.0000
   2011,       150.0000
   2012,       150.0000
   2013,       150.0000
   2014,       150.0000
   2015,       150.0000
   2016,       150.0000
   2017,       150.0000
   2018,       150.0000
   2019,       150.0000
   2020,       150.0000
   2021,       150.0000
   2022,       150.0000
   2023,       150.0000
   2024,       150.0000
   2025,       150.0000
   2026,       150.0000
   2027,       150.0000
   2028,       150.0000
   2029,       150.0000
   2030,       150.0000
   2031,       150.0000
   2032,       150.0000
   2033,       150.0000
   2034,       150.0000
   2035,       150.0000
   2036,       150.0000
   2037,       150.0000
   2038,       150.0000
   2039,       150.0000
   2040,       150.0000
   2041,       150.0000
   2042,       150.0000
   2043,       150.0000
   2044,       150.0000
   2045,       150.0000
   2046,       150.0000
   2047,       150.0000
   2048,       150.0000
   2049,       150.0000
   2050,       150.0000
   2051,       150.0000
   2052,       150.0000
   2053,       150.0000
   2054,       150.0000
   2055,       150.0000
   2056,       150.0000
   2057,       150.0000
   2058,       150.0000
   2059,       150.0000
   2060,       150.0000
   2061,       150.0000
   2062,       150.0000
   2063,       150.0000
   2064,       150.0000
   2065,       150.0000
   2066,       150.0000
   2067,       150.0000
   2068,       150.0000
   2069,       150.0000
   2070,       150.0000
   2071,       150.0000
   2072,       150.0000
   2073,       150.0000
   2074,       150.0000
   2075,       150.0000
   2076,       150.0000
   2077,       150.0000
   2078,       150.0000
   2079,       150.0000
   2080,       150.0000
   2081,       150.0000
   2082,       150.0000
   2083,       150.0000
   2084,       150.0000
   2085,       150.0000
   2086,       150.0000
   2087,       150.0000
   2088,       150.0000
   2089,       150.0000
   2090,       150.0000
   2091,       150.0000
   2092,       150.0000
   2093,       150.0000
   2094,       150.0000
   2095,       150.0000
   2096,       150.0000
   2097,       150.0000
   2098,       150.0000
   2099,       150.0000
   2100,       150.0000
   2101,       150.0000
   2102,       150.0000
   2103,       150.0000
   2104,       150.0000
   2105,       150.0000
   2106,       150.0000
   2107,       150.0000
   2108,       150.0000
   2109,       150.0000
   2110,       150.0000
   2111,       150.0000
   2112,       150.0000
   2113,       150.0000
   2114,       150.0000
   2115,       150.0000
   2116,       150.0000
   2117,       150.0000
   2118,       150.0000
   2119,       150.0000
   2120,       150.0000
   2121,       150.0000
   2122,       150.0000
   2123,       150.0000
   2124,       150.0000
   2125,       150.0000
   2126,       150.0000
   2127,       150.0000
   2128,       150.0000
   2129,       150.0000
   2130,       150.0000
   2131,       150.0000
   2132,       150.0000
   2133,       150.0000
   2134,       150.0000
   2135,       150.0000
   2136,       150.0000
   2137,       150.0000
   2138,       150.0000
   2139,       150.0000
   2140,       150.0000
   2141,       150.0000
   2142,       150.0000
   2143,       150.0000
   2144,       150.0000
   2145,       150.0000
   2146,       150.0000
   2147,       150.0000
   2148,       150.0000
   2149,       150.0000
   2150,       150.0000
   2151,       150.0000
   2152,       150.0000
   2153,       150.0000
   2154,       150.0000
   2155,       150.0000
   2156,       150.0000
   2157,       150.0000
   2158,       150.0000
   2159,       150.0000
   2160,       150.0000
   2161,       150.0000
   2162,       150.0000
   2163,       150.0000
   2164,       150.0000
   2165,       150.0000
   2166,       150.0000
   2167,       150.0000
   2168,       150.0000
   2169,       150.0000
   2170,       150.0000
   2171,       150.0000
   2172,       150.0000
   2173,       150.0000
   2174,       150.0000
   2175,       150.0000
   2176,       150.0000
   2177,       150.0000
   2178,       150.0000
   2179,       150.0000
   2180,       150.0000
   2181,       150.0000
   2182,       150.0000
   2183,       150.0000
   2184,       150.0000
   2185,       150.0000
   2186,       150.0000
   2187,       150.0000
   2188,       150.0000
   2189,       150.0000
   2190,       150.0000
   2191,       150.0000
   2192,       150.0000
   2193,       150.0000
   2194,       150.0000
   2195,       150.0000
   2196,       150.0000
   2197,       150.0000
   2198,       150.0000
   2199,       150.0000
   2200,       150.0000
   2201,       150.0000
   2202,       150.0000
   2203,       150.0000
   2204,       150.0000
   2205,       150.0000
   2206,       150.0000
   2207,       150.0000
   2208,       150.0000
   2209,       150.0000
   2210,       150.0000
   2211,       150.0000
   2212,       150.0000
   2213,       150.0000
   2214,       150.0000
   2215,       150.0000
   2216,       150.0000
   2217,       150.0000
   2218,       150.0000
   2219,       150.0000
   2220,       150.0000
   2221,       150.0000
   2222,       150.0000
   2223,       150.0000
   2224,       150.0000
   2225,       150.0000
   2226,       150.0000
   2227,       150.0000
   2228,       150.0000
   2229,       150.0000
   2230,       150.0000
   2231,       150.0000
   2232,       150.0000
   2233,       150.0000
   2234,       150.0000
   2235,       150.0000
   2236,       150.0000
   2237,       150.0000
   2238,       150.0000
   2239,       150.0000
   2240,       150.0000
   2241,       150.0000
   2242,       150.0000
   2243,       150.0000
   2244,       150.0000
   2245,       150.0000
   2246,       150.0000
   2247,       150.0000
   2248,       150.0000
   2249,       150.0000
   2250,       150.0000
   2251,       150.0000
   2252,       150.0000
   2253,       150.0000
   2254,       150.0000
   2255,       150.0000
   2256,       150.0000
   2257,       150.0000
   2258,       150.0000
   2259,       150.0000
   2260,       150.0000
   2261,       150.0000
   2262,       150.0000
   2263,       150.0000
   2264,       150.0000
   2265,       150.0000
   2266,       150.0000
   2267,       150.0000
   2268,       150.0000
   2269,       150.0000
   2270,       150.0000
   2271,       150.0000
   2272,       150.0000
   2273,       150.0000
   2274,       150.0000
   2275,       150.0000
   2276,       150.0000
   2277,       150.0000
   2278,       150.0000
   2279,       150.0000
   2280,       150.0000
   2281,       150.0000
   2282,       150.0000
   2283,       150.0000
   2284,       150.0000
   2285,       150.0000
   2286,       150.0000
   2287,       150.0000
   2288,       150.0000
   2289,       150.0000
   2290,       150.0000
   2291,       150.0000
   2292,       150.0000
   2293,       150.0000
   2294,       150.0000
   2295,       150.0000
   2296,       150.0000
   2297,       150.0000
   2298,       150.0000
   2299,       150.0000
   2300,       150.0000
   2301,       150.0000
   2302,       150.0000
   2303,       150.0000
   2304,       150.0000
   2305,       150.0000
   2306,       150.0000
   2307,       150.0000
   2308,       150.0000
   2309,       150.0000
   2310,       150.0000
   2311,       150.0000
   2312,       150.0000
   2313,       150.0000
   2314,       150.0000
   2315,       150.0000
   2316,       150.0000
   2317,       150.0000
   2318,       150.0000
   2319,       150.0000
   2320,       150.0000
   2321,       150.0000
   2322,       150.0000
   2323,       150.0000
   2324,       150.0000
   2325,       150.0000
   2326,       150.0000
   2327,       150.0000
   2328,       150.0000
   2329,       150.0000
   2330,       150.0000
   2331,       150.0000
   2332,       150.0000
   2333,       150.0000
   2334,       150.0000
   2335,       150.0000
   2336,       150.0000
   2337,       150.0000
   2338,       150.0000
   2339,       150.0000
   2340,       150.0000
   2341,       150.0000
   2342,       150.0000
   2343,       150.0000
   2344,       150.0000
   2345,       150.0000
   2346,       150.0000
   2347,       150.0000
   2348,       150.0000
   2349,       150.0000
   2350,       150.0000
   2351,       150.0000
   2352,       150.0000
   2353,       150.0000
   2354,       150.0000
   2355,       150.0000
   2356,       150.0000
   2357,       150.0000
   2358,       150.0000
   2359,       150.0000
   2360,       150.0000
   2361,       150.0000
   2362,       150.0000
   2363,       150.0000
   2364,       150.0000
   2365,       150.0000
   2366,       150.0000
   2367,       150.0000
   2368,       150.0000
   2369,       150.0000
   2370,       150.0000
   2371,       150.0000
   2372,       150.0000
   2373,       150.0000
   2374,       150.0000
   2375,       150.0000
   2376,       150.0000
   2377,       150.0000
   2378,       150.0000
   2379,       150.0000
   2380,       150.0000
   2381,       150.0000
   2382,       150.0000
   2383,       150.0000
   2384,       150.0000
   2385,       150.0000
   2386,       150.0000
   2387,       150.0000
   2388,       150.0000
   2389,       150.0000
   2390,       150.0000
   2391,       150.0000
   2392,       150.0000
   2393,       150.0000
   2394,       150.0000
   2395,       150.0000
   2396,       150.0000
   2397,       150.0000
   2398,       150.0000
   2399,       150.0000
   2400,       150.0000
   2401,       150.0000
   2402,       150.0000
   2403,       150.0000
   2404,       150.0000
   2405,       150.0000
   2406,       150.0000
   2407,       150.0000
   2408,       150.0000
   2409,       150.0000
   2410,       150.0000
   2411,       150.0000
   2412,       150.0000
   2413,       150.0000
   2414,       150.0000
   2415,       150.0000
   2416,       150.0000
   2417,       150.0000
   2418,       150.0000
   2419,       150.0000
   2420,       150.0000
   2421,       150.0000
   2422,       150.0000
   2423,       150.0000
   2424,       150.0000
   2425,       150.0000
   2426,       150.0000
   2427,       150.0000
   2428,       150.0000
   2429,       150.0000
   2430,       150.0000
   2431,       150.0000
   2432,       150.0000
   2433,       150.0000
   2434,       150.0000
   2435,       150.0000
   2436,       150.0000
   2437,       150.0000
   2438,       150.0000
   2439,       150.0000
   2440,       150.0000
   2441,       150.0000
   2442,       150.0000
   2443,       150.0000
   2444,       150.0000
   2445,       150.0000
   2446,       150.0000
   2447,       150.0000
   2448,       150.0000
   2449,       150.0000
   2450,       150.0000
   2451,       150.0000
   2452,       150.0000
   2453,       150.0000
   2454,       150.0000
   2455,       150.0000
   2456,       150.0000
   2457,       150.0000
   2458,       150.0000
   2459,       150.0000
   2460,       150.0000
   2461,       150.0000
   2462,       150.0000
   2463,       150.0000
   2464,       150.0000
   2465,       150.0000
   2466,       150.0000
   2467,       150.0000
   2468,       150.0000
   2469,       150.0000
   2470,       150.0000
   2471,       150.0000
   2472,       150.0000
   2473,       150.0000
   2474,       150.0000
   2475,       150.0000
   2476,       150.0000
   2477,       150.0000
   2478,       150.0000
   2479,       150.0000
   2480,       150.0000
   2481,       150.0000
   2482,       150.0000
   2483,       150.0000
   2484,       150.0000
   2485,       150.0000
   2486,       150.0000
   2487,       150.0000
   2488,       150.0000
   2489,       150.0000
   2490,       150.0000
   2491,       150.0000
   2492,       150.0000
   2493,       150.0000
   2494,       150.0000
   2495,       150.0000
   2496,       150.0000
   2497,       150.0000
   2498,       150.0000
   2499,       150.0000
   2500,       150.0000
   2501,       150.0000
   2502,       150.0000
   2503,       150.0000
   2504,       150.0000
   2505,       150.0000
   2506,       150.0000
   2507,       150.0000
   2508,       150.0000
   2509,       150.0000
   2510,       150.0000
   2511,       150.0000
   2512,       150.0000
   2513,       150.0000
   2514,       150.0000
   2515,       150.0000
   2516,       150.0000
   2517,       150.0000
   2518,       150.0000
   2519,       150.0000
   2520,       150.0000
   2521,       150.0000
   2522,       150.0000
   2523,       150.0000
   2524,       150.0000
   2525,       150.0000
   2526,       150.0000
   2527,       150.0000
   2528,       150.0000
   2529,       150.0000
   2530,       150.0000
   2531,       150.0000
   2532,       150.0000
   2533,       150.0000
   2534,       150.0000
   2535,       150.0000
   2536,       150.0000
   2537,       150.0000
   2538,       150.0000
   2539,       150.0000
   2540,       150.0000
   2541,       150.0000
   2542,       150.0000
   2543,       150.0000
   2544,       150.0000
   2545,       150.0000
   2546,       150.0000
   2547,       150.0000
   2548,       150.0000
   2549,       150.0000
   2550,       150.0000
   2551,       150.0000
   2552,       150.0000
   2553,       150.0000
   2554,       150.0000
   2555,       150.0000
   2556,       150.0000
   2557,       150.0000
   2558,       150.0000
   2559,        81.2500
   2560,        37.5000
   2561,        75.0000
   2562,       143.7500
   2563,       150.0000
   2564,       150.0000
   2565,       150.0000
   2566,       150.0000
   2567,        56.2500
   2568,        12.5000
   2569,        68.7500
   2570,       150.0000
   2571,       150.0000
   2572,       150.0000
   2573,       150.0000
   2574,       150.0000
   2575,       150.0000
   2576,       150.0000
   2577,       150.0000
   2578,       150.0000
   2579,       150.0000
   2580,       150.0000
   2581,       150.0000
   2582,       150.0000
   2583,       150.0000
   2584,       150.0000
   2585,       106.2500
   2586,       150.0000
   2587,       150.0000
   2588,        93.7500
   2589,       150.0000
   2590,        93.7500
   2591,        68.7500
   2592,        56.2500
   2593,        62.5000
   2594,        25.0000
   2595,         0.0000
   2596,         0.0000
   2597,        12.5000
   2598,         0.0000
   2599,        50.0000
   2600,       150.0000
   2601,       143.7500
   2602,        75.0000
   2603,       143.7500
   2604,        93.7500
   2605,       150.0000
   2606,       143.7500
   2607,        50.0000
   2608,        62.5000
   2609,       150.0000
   2610,       118.7500
   2611,       150.0000
   2612,       150.0000
   2613,       150.0000
   2614,       150.0000
   2615,       150.0000
   2616,       150.0000
   2617,       150.0000
   2618,       150.0000
   2619,       150.0000
   2620,       150.0000
   2621,       150.0000
   2622,       150.0000
   2623,       150.0000
   2624,       150.0000
   2625,       150.0000
   2626,       150.0000
   2627,       150.0000
   2628,       150.0000
   2629,       150.0000
   2630,       150.0000
   2631,       150.0000
   2632,       150.0000
   2633,       150.0000
   2634,       150.0000
   2635,       150.0000
   2636,       150.0000
   2637,       150.0000
   2638,       150.0000
   2639,       150.0000
   2640,       150.0000
   2641,       150.0000
   2642,       150.0000
   2643,       150.0000
   2644,       150.0000
   2645,       150.0000
   2646,       150.0000
   2647,       150.0000
   2648,       150.0000
   2649,       150.0000
   2650,       150.0000
   2651,       150.0000
   2652,       150.0000
   2653,       150.0000
   2654,       150.0000
   2655,       150.0000
   2656,       150.0000
   2657,       150.0000
   2658,       150.0000
   2659,       150.0000
   2660,       150.0000
   2661,       150.0000
   2662,       150.0000
   2663,       150.0000
   2664,       150.0000
   2665,       150.0000
   2666,       150.0000
   2667,       150.0000
   2668,       150.0000
   2669,       150.0000
   2670,       150.0000
   2671,       150.0000
   2672,       150.0000
   2673,       150.0000
   2674,       150.0000
   2675,       150.0000
   2676,       150.0000
   2677,       150.0000
   2678,       150.0000
   2679,       150.0000
   2680,       150.0000
   2681,       150.0000
   2682,       150.0000
   2683,       150.0000
   2684,       150.0000
   2685,       150.0000
   2686,       150.0000
   2687,       150.0000
   2688,       150.0000
   2689,       150.0000
   2690,       150.0000
   2691,       150.0000
   2692,       150.0000
   2693,       150.0000
   2694,       150.0000
   2695,       150.0000
   2696,       150.0000
   2697,       150.0000
   2698,       150.0000
   2699,       150.0000
   2700,       150.0000
   2701,       150.0000
   2702,       150.0000
   2703,       150.0000
   2704,       150.0000
   2705,       150.0000
   2706,       150.0000
   2707,       150.0000
   2708,       150.0000
   2709,       150.0000
   2710,       150.0000
   2711,       150.0000
   2712,       150.0000
   2713,       150.0000
   2714,       150.0000
   2715,       150.0000
   2716,       150.0000
   2717,       150.0000
   2718,       150.0000
   2719,       150.0000
   2720,       150.0000
   2721,       150.0000
   2722,       150.0000
   2723,       150.0000
   2724,       150.0000
   2725,       150.0000
   2726,       150.0000
   2727,       150.0000
   2728,       150.0000
   2729,       150.0000
   2730,       150.0000
   2731,       150.0000
   2732,       150.0000
   2733,       150.0000
   2734,       150.0000
   2735,       150.0000
   2736,       150.0000
   2737,       150.0000
   2738,       150.0000
   2739,       150.0000
   2740,       150.0000
   2741,       150.0000
   2742,       150.0000
   2743,       150.0000
   2744,       150.0000
   2745,       150.0000
   2746,       150.0000
   2747,       150.0000
   2748,       150.0000
   2749,       150.0000
   2750,       150.0000
   2751,       150.0000
   2752,       150.0000
   2753,       150.0000
   2754,       150.0000
   2755,       150.0000
   2756,       150.0000
   2757,       150.0000
   2758,       150.0000
   2759,       150.0000
   2760,       150.0000
   2761,       150.0000
   2762,       150.0000
   2763,       150.0000
   2764,       150.0000
   2765,       150.0000
   2766,       150.0000
   2767,       150.0000
   2768,       150.0000
   2769,       150.0000
   2770,       150.0000
   2771,       150.0000
   2772,       150.0000
   2773,       150.0000
   2774,       150.0000
   2775,       150.0000
   2776,       150.0000
   2777,       150.0000
   2778,       150.0000
   2779,       150.0000
   2780,       150.0000
   2781,       150.0000
   2782,       150.0000
   2783,       150.0000
   2784,       150.0000
   2785,       150.0000
   2786,       150.0000
   2787,       150.0000
   2788,       150.0000
   2789,       150.0000
   2790,       150.0000
   2791,       150.0000
   2792,       150.0000
   2793,       150.0000
   2794,       150.0000
   2795,       150.0000
   2796,       150.0000
   2797,       150.0000
   2798,       150.0000
   2799,       150.0000
   2800,       150.0000
   2801,       150.0000
   2802,       150.0000
   2803,       150.0000
   2804,       150.0000
   2805,       150.0000
   2806,       150.0000
   2807,       150.0000
   2808,       150.0000
   2809,       150.0000
   2810,       150.0000
   2811,       150.0000
   2812,       150.0000
   2813,       150.0000
   2814,       150.0000
   2815,       150.0000
   2816,       150.0000
   2817,       150.0000
   2818,       150.0000
   2819,       150.0000
   2820,       150.0000
   2821,       150.0000
   2822,       150.0000
   2823,       150.0000
   2824,       150.0000
   2825,       150.0000
   2826,       150.0000
   2827,       150.0000
   2828,       150.0000
   2829,       150.0000
   2830,       150.0000
   2831,       150.0000
   2832,       150.0000
   2833,       150.0000
   2834,       150.0000
   2835,       150.0000
   2836,       150.0000
   2837,       150.0000
   2838,       150.0000
   2839,       150.0000
   2840,       150.0000
   2841,       150.0000
   2842,       150.0000
   2843,       150.0000
   2844,       150.0000
   2845,       150.0000
   2846,       150.0000
   2847,       150.0000
   2848,       150.0000
   2849,       150.0000
   2850,       150.0000
   2851,       150.0000
   2852,       150.0000
   2853,       150.0000
   2854,       150.0000
   2855,       150.0000
   2856,       150.0000
   2857,       150.0000
   2858,       150.0000
   2859,       150.0000
   2860,       150.0000
   2861,       150.0000
   2862,       150.0000
   2863,       150.0000
   2864,       150.0000
   2865,       150.0000
   2866,       150.0000
   2867,       150.0000
   2868,       150.0000
   2869,       150.0000
   2870,       150.0000
   2871,       150.0000
   2872,       150.0000
   2873,       150.0000
   2874,       150.0000
   2875,       150.0000
   2876,       150.0000
   2877,       150.0000
   2878,       150.0000
   2879,       150.0000
   2880,       150.0000
   2881,       150.0000
   2882,       150.0000
   2883,       150.0000
   2884,       150.0000
   2885,       150.0000
   2886,       150.0000
   2887,       150.0000
   2888,       150.0000
   2889,       150.0000
   2890,       150.0000
   2891,       150.0000
   2892,       150.0000
   2893,       150.0000
   2894,       150.0000
   2895,       150.0000
   2896,       150.0000
   2897,       150.0000
   2898,       150.0000
   2899,       150.0000
   2900,       150.0000
   2901,       150.0000
   2902,       150.0000
   2903,       150.0000
   2904,       150.0000
   2905,       150.0000
   2906,       150.0000
   2907,       150.0000
   2908,       150.0000
   2909,       150.0000
   2910,       150.0000
   2911,       150.0000
   2912,       150.0000
   2913,       150.0000
   2914,       150.0000
   2915,       150.0000
   2916,       150.0000
   2917,       150.0000
   2918,       150.0000
   2919,       150.0000
   2920,       150.0000
