 day,snowdepth
      1,         0.2107
      2,         0.2107
      3,         0.2107
      4,         0.2107
      5,         0.2120
      6,         0.2120
      7,         0.2120
      8,         0.2120
      9,         0.2120
     10,         0.2120
     11,         0.2120
     12,         0.2120
     13,         0.2120
     14,         0.2120
     15,         0.2120
     16,         0.2120
     17,         0.2120
     18,         0.2120
     19,         0.2120
     20,         0.2120
     21,         0.2120
     22,         0.2120
     23,         0.2120
     24,         0.2120
     25,         0.2120
     26,         0.2120
     27,         0.2120
     28,         0.2120
     29,         0.2120
     30,         0.2120
     31,         0.2120
     32,         0.2120
     33,         0.2120
     34,         0.2120
     35,         0.2120
     36,         0.2120
     37,         0.2120
     38,         0.2120
     39,         0.2120
     40,         0.2120
     41,         0.2120
     42,         0.2120
     43,         0.2120
     44,         0.2120
     45,         0.4207
     46,         0.4607
     47,         0.4598
     48,         0.4588
     49,         0.4578
     50,         0.4578
     51,         0.4578
     52,         0.4578
     53,         0.4578
     54,         0.4578
     55,         0.4578
     56,         0.4590
     57,         0.4590
     58,         0.4590
     59,         0.4628
     60,         0.4940
     61,         0.4940
     62,         0.4940
     63,         0.4940
     64,         0.4940
     65,         0.4940
     66,         0.4990
     67,         0.5178
     68,         0.5215
     69,         0.5215
     70,         0.5215
     71,         0.5253
     72,         0.5365
     73,         0.5390
     74,         0.5390
     75,         0.5378
     76,         0.5367
     77,         0.5354
     78,         0.5354
     79,         0.5354
     80,         0.5342
     81,         0.5330
     82,         0.5330
     83,         0.5330
     84,         0.5330
     85,         0.5330
     86,         0.5330
     87,         0.5330
     88,         0.5330
     89,         0.5330
     90,         0.5330
     91,         0.5330
     92,         0.5318
     93,         0.5304
     94,         0.5292
     95,         0.5280
     96,         0.5292
     97,         0.5281
     98,         0.5267
     99,         0.2872
    100,         0.0000
    101,         0.0000
    102,         0.0000
    103,         0.0000
    104,         0.0000
    105,         0.0000
    106,         0.0000
    107,         0.1475
    108,         0.1713
    109,         0.1738
    110,         0.1738
    111,         0.1725
    112,         0.1711
    113,         0.1696
    114,         0.1682
    115,         0.0000
    116,         0.0000
    117,         0.0000
    118,         0.0000
    119,         0.0000
    120,         0.0000
    121,         0.0000
    122,         0.0113
    123,         0.0099
    124,         0.0082
    125,         0.0000
    126,         0.0000
    127,         0.0000
    128,         0.0000
    129,         0.0000
    130,         0.0000
    131,         0.0000
    132,         0.0000
    133,         0.0000
    134,         0.0000
    135,         0.0000
    136,         0.0000
    137,         0.0000
    138,         0.0000
    139,         0.0000
    140,         0.0000
    141,         0.0000
    142,         0.0000
    143,         0.0000
    144,         0.0000
    145,         0.0000
    146,         0.0000
    147,         0.0000
    148,         0.0000
    149,         0.0000
    150,         0.0000
    151,         0.0000
    152,         0.0000
    153,         0.0000
    154,         0.0000
    155,         0.0000
    156,         0.0000
    157,         0.0000
    158,         0.0000
    159,         0.0000
    160,         0.0000
    161,         0.0000
    162,         0.0000
    163,         0.0000
    164,         0.0000
    165,         0.0000
    166,         0.0000
    167,         0.0000
    168,         0.0000
    169,         0.0000
    170,         0.0000
    171,         0.0000
    172,         0.0000
    173,         0.0000
    174,         0.0000
    175,         0.0000
    176,         0.0000
    177,         0.0000
    178,         0.0000
    179,         0.0000
    180,         0.0000
    181,         0.0000
    182,         0.0000
    183,         0.0000
    184,         0.0000
    185,         0.0000
    186,         0.0000
    187,         0.0000
    188,         0.0000
    189,         0.0000
    190,         0.0000
    191,         0.0000
    192,         0.0000
    193,         0.0000
    194,         0.0000
    195,         0.0000
    196,         0.0000
    197,         0.0000
    198,         0.0000
    199,         0.0000
    200,         0.0000
    201,         0.0000
    202,         0.0000
    203,         0.0000
    204,         0.0000
    205,         0.0000
    206,         0.0000
    207,         0.0000
    208,         0.0000
    209,         0.0000
    210,         0.0000
    211,         0.0000
    212,         0.0000
    213,         0.0000
    214,         0.0000
    215,         0.0000
    216,         0.0000
    217,         0.0000
    218,         0.0000
    219,         0.0000
    220,         0.0000
    221,         0.0000
    222,         0.0000
    223,         0.0000
    224,         0.0000
    225,         0.0000
    226,         0.0000
    227,         0.0000
    228,         0.0000
    229,         0.0000
    230,         0.0000
    231,         0.0000
    232,         0.0000
    233,         0.0000
    234,         0.0000
    235,         0.0000
    236,         0.0000
    237,         0.0000
    238,         0.0000
    239,         0.0000
    240,         0.0000
    241,         0.0000
    242,         0.0000
    243,         0.0000
    244,         0.0000
    245,         0.0000
    246,         0.0000
    247,         0.0000
    248,         0.0000
    249,         0.0000
    250,         0.0000
    251,         0.0000
    252,         0.0000
    253,         0.0000
    254,         0.0000
    255,         0.0000
    256,         0.0000
    257,         0.0000
    258,         0.0000
    259,         0.0000
    260,         0.0000
    261,         0.0000
    262,         0.0000
    263,         0.0000
    264,         0.0000
    265,         0.0000
    266,         0.0000
    267,         0.0000
    268,         0.0000
    269,         0.0000
    270,         0.0000
    271,         0.0000
    272,         0.0000
    273,         0.0000
    274,         0.0000
    275,         0.0000
    276,         0.0000
    277,         0.0000
    278,         0.0000
    279,         0.0000
    280,         0.0000
    281,         0.0000
    282,         0.0000
    283,         0.0000
    284,         0.0000
    285,         0.0000
    286,         0.0000
    287,         0.0000
    288,         0.0000
    289,         0.0000
    290,         0.0000
    291,         0.0000
    292,         0.0000
    293,         0.0000
    294,         0.0000
    295,         0.0000
    296,         0.0000
    297,         0.0000
    298,         0.0000
    299,         0.0000
    300,         0.0000
    301,         0.0000
    302,         0.0000
    303,         0.0025
    304,         0.0015
    305,         0.0006
    306,         0.0000
    307,         0.0000
    308,         0.0012
    309,         0.0004
    310,         0.0000
    311,         0.0000
    312,         0.0000
    313,         0.0000
    314,         0.0000
    315,         0.0012
    316,         0.0037
    317,         0.0029
    318,         0.0029
    319,         0.0029
    320,         0.0042
    321,         0.0042
    322,         0.0042
    323,         0.0042
    324,         0.0042
    325,         0.0042
    326,         0.0042
    327,         0.0542
    328,         0.0534
    329,         0.0527
    330,         0.0520
    331,         0.0513
    332,         0.0513
    333,         0.0775
    334,         0.0913
    335,         0.0913
    336,         0.0913
    337,         0.0925
    338,         0.0925
    339,         0.0925
    340,         0.0925
    341,         0.0925
    342,         0.0925
    343,         0.0925
    344,         0.0925
    345,         0.1000
    346,         0.1313
    347,         0.1313
    348,         0.1313
    349,         0.1306
    350,         0.1318
    351,         0.1318
    352,         0.1318
    353,         0.1368
    354,         0.1368
    355,         0.1368
    356,         0.1368
    357,         0.1368
    358,         0.1368
    359,         0.1381
    360,         0.1493
    361,         0.1486
    362,         0.1499
    363,         0.1499
    364,         0.1499
    365,         0.1499
    366,         0.1499
    367,         0.1499
    368,         0.1499
    369,         0.1499
    370,         0.1736
    371,         0.1736
    372,         0.1728
    373,         0.1728
    374,         0.1878
    375,         0.1878
    376,         0.1878
    377,         0.1916
    378,         0.1916
    379,         0.1916
    380,         0.1916
    381,         0.2178
    382,         0.2178
    383,         0.2178
    384,         0.2178
    385,         0.2178
    386,         0.2178
    387,         0.2178
    388,         0.2178
    389,         0.2178
    390,         0.2178
    391,         0.2178
    392,         0.2191
    393,         0.2191
    394,         0.2191
    395,         0.2191
    396,         0.2191
    397,         0.2203
    398,         0.2253
    399,         0.2391
    400,         0.2766
    401,         0.3228
    402,         0.3328
    403,         0.3353
    404,         0.3353
    405,         0.3353
    406,         0.3416
    407,         0.3416
    408,         0.3428
    409,         0.3428
    410,         0.3428
    411,         0.3441
    412,         0.3466
    413,         0.3541
    414,         0.3703
    415,         0.3716
    416,         0.3716
    417,         0.3716
    418,         0.3728
    419,         0.3728
    420,         0.3728
    421,         0.3728
    422,         0.3741
    423,         0.3741
    424,         0.3878
    425,         0.4041
    426,         0.4041
    427,         0.4478
    428,         0.4903
    429,         0.4903
    430,         0.4966
    431,         0.4966
    432,         0.4956
    433,         0.4956
    434,         0.4956
    435,         0.5031
    436,         0.5019
    437,         0.5006
    438,         0.4993
    439,         0.4979
    440,         0.2050
    441,         0.2038
    442,         0.0000
    443,         0.0000
    444,         0.0000
    445,         0.0000
    446,         0.0000
    447,         0.0000
    448,         0.0000
    449,         0.0000
    450,         0.0000
    451,         0.0000
    452,         0.0000
    453,         0.0000
    454,         0.0000
    455,         0.2200
    456,         0.2188
    457,         0.2173
    458,         0.0000
    459,         0.0000
    460,         0.0000
    461,         0.0000
    462,         0.0000
    463,         0.0000
    464,         0.0000
    465,         0.0000
    466,         0.0000
    467,         0.0012
    468,         0.0000
    469,         0.0000
    470,         0.0000
    471,         0.0000
    472,         0.0000
    473,         0.0088
    474,         0.0075
    475,         0.0060
    476,         0.0047
    477,         0.0031
    478,         0.0019
    479,         0.0006
    480,         0.0000
    481,         0.0000
    482,         0.0000
    483,         0.0000
    484,         0.0000
    485,         0.0000
    486,         0.0000
    487,         0.0000
    488,         0.0000
    489,         0.0000
    490,         0.0000
    491,         0.0000
    492,         0.0000
    493,         0.0000
    494,         0.0000
    495,         0.0000
    496,         0.0000
    497,         0.0000
    498,         0.0000
    499,         0.0000
    500,         0.0000
    501,         0.0000
    502,         0.0000
    503,         0.0000
    504,         0.0000
    505,         0.0000
    506,         0.0000
    507,         0.0000
    508,         0.0000
    509,         0.0000
    510,         0.0000
    511,         0.0000
    512,         0.0000
    513,         0.0000
    514,         0.0000
    515,         0.0000
    516,         0.0000
    517,         0.0000
    518,         0.0000
    519,         0.0000
    520,         0.0000
    521,         0.0000
    522,         0.0000
    523,         0.0000
    524,         0.0000
    525,         0.0000
    526,         0.0000
    527,         0.0000
    528,         0.0000
    529,         0.0000
    530,         0.0000
    531,         0.0000
    532,         0.0000
    533,         0.0000
    534,         0.0000
    535,         0.0000
    536,         0.0000
    537,         0.0000
    538,         0.0000
    539,         0.0000
    540,         0.0000
    541,         0.0000
    542,         0.0000
    543,         0.0000
    544,         0.0000
    545,         0.0000
    546,         0.0000
    547,         0.0000
    548,         0.0000
    549,         0.0000
    550,         0.0000
    551,         0.0000
    552,         0.0000
    553,         0.0000
    554,         0.0000
    555,         0.0000
    556,         0.0000
    557,         0.0000
    558,         0.0000
    559,         0.0000
    560,         0.0000
    561,         0.0000
    562,         0.0000
    563,         0.0000
    564,         0.0000
    565,         0.0000
    566,         0.0000
    567,         0.0000
    568,         0.0000
    569,         0.0000
    570,         0.0000
    571,         0.0000
    572,         0.0000
    573,         0.0000
    574,         0.0000
    575,         0.0000
    576,         0.0000
    577,         0.0000
    578,         0.0000
    579,         0.0000
    580,         0.0000
    581,         0.0000
    582,         0.0000
    583,         0.0000
    584,         0.0000
    585,         0.0000
    586,         0.0000
    587,         0.0000
    588,         0.0000
    589,         0.0000
    590,         0.0000
    591,         0.0000
    592,         0.0000
    593,         0.0000
    594,         0.0000
    595,         0.0000
    596,         0.0000
    597,         0.0000
    598,         0.0000
    599,         0.0000
    600,         0.0000
    601,         0.0000
    602,         0.0000
    603,         0.0000
    604,         0.0000
    605,         0.0000
    606,         0.0000
    607,         0.0000
    608,         0.0000
    609,         0.0000
    610,         0.0000
    611,         0.0000
    612,         0.0000
    613,         0.0000
    614,         0.0000
    615,         0.0000
    616,         0.0000
    617,         0.0000
    618,         0.0000
    619,         0.0000
    620,         0.0000
    621,         0.0000
    622,         0.0000
    623,         0.0000
    624,         0.0000
    625,         0.0000
    626,         0.0000
    627,         0.0000
    628,         0.0000
    629,         0.0000
    630,         0.0000
    631,         0.0000
    632,         0.0000
    633,         0.0000
    634,         0.0000
    635,         0.0000
    636,         0.0000
    637,         0.0000
    638,         0.0000
    639,         0.0000
    640,         0.0000
    641,         0.0000
    642,         0.0000
    643,         0.0000
    644,         0.0000
    645,         0.0000
    646,         0.0000
    647,         0.0000
    648,         0.0000
    649,         0.0000
    650,         0.0000
    651,         0.0000
    652,         0.0000
    653,         0.0000
    654,         0.0000
    655,         0.0000
    656,         0.0000
    657,         0.0000
    658,         0.0000
    659,         0.0000
    660,         0.0000
    661,         0.0000
    662,         0.0000
    663,         0.0000
    664,         0.0000
    665,         0.0000
    666,         0.0088
    667,         0.0200
    668,         0.0213
    669,         0.0204
    670,         0.0204
    671,         0.0204
    672,         0.0196
    673,         0.0196
    674,         0.0209
    675,         0.0209
    676,         0.0209
    677,         0.0201
    678,         0.0193
    679,         0.0183
    680,         0.0176
    681,         0.0167
    682,         0.0217
    683,         0.0217
    684,         0.0380
    685,         0.0380
    686,         0.0380
    687,         0.0380
    688,         0.0371
    689,         0.0361
    690,         0.0352
    691,         0.0352
    692,         0.0345
    693,         0.0370
    694,         0.0370
    695,         0.0370
    696,         0.0370
    697,         0.0370
    698,         0.0370
    699,         0.0370
    700,         0.0370
    701,         0.0370
    702,         0.0363
    703,         0.0356
    704,         0.0347
    705,         0.0347
    706,         0.0347
    707,         0.0347
    708,         0.0347
    709,         0.0347
    710,         0.0347
    711,         0.0347
    712,         0.0360
    713,         0.0360
    714,         0.0360
    715,         0.0360
    716,         0.0560
    717,         0.0585
    718,         0.0585
    719,         0.0585
    720,         0.0685
    721,         0.0685
    722,         0.0685
    723,         0.0685
    724,         0.0685
    725,         0.0685
    726,         0.0685
    727,         0.0685
    728,         0.0685
    729,         0.0685
    730,         0.0685
    731,         0.0701
    732,         0.0720
    733,         0.0738
    734,         0.0743
    735,         0.0856
    736,         0.0856
    737,         0.0856
    738,         0.1068
    739,         0.1068
    740,         0.1068
    741,         0.2156
    742,         0.2148
    743,         0.2261
    744,         0.2261
    745,         0.2262
    746,         0.2281
    747,         0.2308
    748,         0.2308
    749,         0.2308
    750,         0.2308
    751,         0.2308
    752,         0.2308
    753,         0.2308
    754,         0.2308
    755,         0.2308
    756,         0.2308
    757,         0.2308
    758,         0.2308
    759,         0.2321
    760,         0.2321
    761,         0.2321
    762,         0.2321
    763,         0.2321
    764,         0.2321
    765,         0.2321
    766,         0.2321
    767,         0.2321
    768,         0.2321
    769,         0.2321
    770,         0.2321
    771,         0.2321
    772,         0.2321
    773,         0.2321
    774,         0.2321
    775,         0.2321
    776,         0.2321
    777,         0.2321
    778,         0.2321
    779,         0.2321
    780,         0.2321
    781,         0.2346
    782,         0.2346
    783,         0.2346
    784,         0.2346
    785,         0.2346
    786,         0.2983
    787,         0.3146
    788,         0.4146
    789,         0.4258
    790,         0.4258
    791,         0.4258
    792,         0.4258
    793,         0.4258
    794,         0.4258
    795,         0.4258
    796,         0.4396
    797,         0.4858
    798,         0.4971
    799,         0.5271
    800,         0.5271
    801,         0.5483
    802,         0.5483
    803,         0.6008
    804,         0.6696
    805,         0.6696
    806,         0.6733
    807,         0.6733
    808,         0.6733
    809,         0.6733
    810,         0.6733
    811,         0.6746
    812,         0.6758
    813,         0.6758
    814,         0.6758
    815,         0.6758
    816,         0.6758
    817,         0.6758
    818,         0.6758
    819,         0.6747
    820,         0.4497
    821,         0.4547
    822,         0.4547
    823,         0.4547
    824,         0.4547
    825,         0.4535
    826,         0.4535
    827,         0.5260
    828,         0.5248
    829,         0.5236
    830,         0.5236
    831,         0.5223
    832,         0.5286
    833,         0.6086
    834,         0.6286
    835,         0.6286
    836,         0.6274
    837,         0.6261
    838,         0.6249
    839,         0.6861
    840,         0.7999
    841,         0.8111
    842,         0.8849
    843,         0.8837
    844,         0.8837
    845,         0.8837
    846,         0.8823
    847,         0.6149
    848,         0.3202
    849,         0.0154
    850,         0.0000
    851,         0.0000
    852,         0.0000
    853,         0.0000
    854,         0.0000
    855,         0.0000
    856,         0.0000
    857,         0.0000
    858,         0.0000
    859,         0.0000
    860,         0.0000
    861,         0.0000
    862,         0.0000
    863,         0.0000
    864,         0.0000
    865,         0.0000
    866,         0.0000
    867,         0.0000
    868,         0.0000
    869,         0.0000
    870,         0.0000
    871,         0.0000
    872,         0.0000
    873,         0.0000
    874,         0.0000
    875,         0.0000
    876,         0.0000
    877,         0.0000
    878,         0.0000
    879,         0.0000
    880,         0.0000
    881,         0.0000
    882,         0.0000
    883,         0.0000
    884,         0.0000
    885,         0.0000
    886,         0.0000
    887,         0.0000
    888,         0.0000
    889,         0.0000
    890,         0.0000
    891,         0.0000
    892,         0.0000
    893,         0.0000
    894,         0.0000
    895,         0.0000
    896,         0.0000
    897,         0.0000
    898,         0.0000
    899,         0.0000
    900,         0.0000
    901,         0.0000
    902,         0.0000
    903,         0.0000
    904,         0.0000
    905,         0.0000
    906,         0.0000
    907,         0.0000
    908,         0.0000
    909,         0.0000
    910,         0.0000
    911,         0.0000
    912,         0.0000
    913,         0.0000
    914,         0.0000
    915,         0.0000
    916,         0.0000
    917,         0.0000
    918,         0.0000
    919,         0.0000
    920,         0.0000
    921,         0.0000
    922,         0.0000
    923,         0.0000
    924,         0.0000
    925,         0.0000
    926,         0.0000
    927,         0.0000
    928,         0.0000
    929,         0.0000
    930,         0.0000
    931,         0.0000
    932,         0.0000
    933,         0.0000
    934,         0.0000
    935,         0.0000
    936,         0.0000
    937,         0.0000
    938,         0.0000
    939,         0.0000
    940,         0.0000
    941,         0.0000
    942,         0.0000
    943,         0.0000
    944,         0.0000
    945,         0.0000
    946,         0.0000
    947,         0.0000
    948,         0.0000
    949,         0.0000
    950,         0.0000
    951,         0.0000
    952,         0.0000
    953,         0.0000
    954,         0.0000
    955,         0.0000
    956,         0.0000
    957,         0.0000
    958,         0.0000
    959,         0.0000
    960,         0.0000
    961,         0.0000
    962,         0.0000
    963,         0.0000
    964,         0.0000
    965,         0.0000
    966,         0.0000
    967,         0.0000
    968,         0.0000
    969,         0.0000
    970,         0.0000
    971,         0.0000
    972,         0.0000
    973,         0.0000
    974,         0.0000
    975,         0.0000
    976,         0.0000
    977,         0.0000
    978,         0.0000
    979,         0.0000
    980,         0.0000
    981,         0.0000
    982,         0.0000
    983,         0.0000
    984,         0.0000
    985,         0.0000
    986,         0.0000
    987,         0.0000
    988,         0.0000
    989,         0.0000
    990,         0.0000
    991,         0.0000
    992,         0.0000
    993,         0.0000
    994,         0.0000
    995,         0.0000
    996,         0.0000
    997,         0.0000
    998,         0.0000
    999,         0.0000
   1000,         0.0000
   1001,         0.0000
   1002,         0.0000
   1003,         0.0000
   1004,         0.0000
   1005,         0.0000
   1006,         0.0000
   1007,         0.0000
   1008,         0.0000
   1009,         0.0000
   1010,         0.0000
   1011,         0.0000
   1012,         0.0000
   1013,         0.0000
   1014,         0.0000
   1015,         0.0000
   1016,         0.0000
   1017,         0.0000
   1018,         0.0000
   1019,         0.0000
   1020,         0.0000
   1021,         0.0000
   1022,         0.0000
   1023,         0.0000
   1024,         0.0537
   1025,         0.0625
   1026,         0.0617
   1027,         0.0629
   1028,         0.0692
   1029,         0.0682
   1030,         0.0673
   1031,         0.0664
   1032,         0.0664
   1033,         0.0664
   1034,         0.0655
   1035,         0.0646
   1036,         0.0637
   1037,         0.0637
   1038,         0.0628
   1039,         0.0618
   1040,         0.0618
   1041,         0.0618
   1042,         0.0618
   1043,         0.0618
   1044,         0.0610
   1045,         0.1223
   1046,         0.1223
   1047,         0.1298
   1048,         0.1335
   1049,         0.1328
   1050,         0.1320
   1051,         0.1310
   1052,         0.1303
   1053,         0.1303
   1054,         0.1428
   1055,         0.1420
   1056,         0.1420
   1057,         0.1420
   1058,         0.1420
   1059,         0.1432
   1060,         0.1432
   1061,         0.1445
   1062,         0.1445
   1063,         0.1445
   1064,         0.1445
   1065,         0.1720
   1066,         0.1720
   1067,         0.1720
   1068,         0.1720
   1069,         0.1720
   1070,         0.1720
   1071,         0.1720
   1072,         0.1720
   1073,         0.1720
   1074,         0.1720
   1075,         0.1720
   1076,         0.1720
   1077,         0.1720
   1078,         0.1720
   1079,         0.1720
   1080,         0.1720
   1081,         0.1720
   1082,         0.1720
   1083,         0.1720
   1084,         0.1720
   1085,         0.1720
   1086,         0.1720
   1087,         0.1720
   1088,         0.1720
   1089,         0.1720
   1090,         0.1720
   1091,         0.1720
   1092,         0.2107
   1093,         0.2107
   1094,         0.2107
   1095,         0.2107
   1096,         0.2107
   1097,         0.2107
   1098,         0.2107
   1099,         0.2107
   1100,         0.2107
   1101,         0.2107
   1102,         0.2107
   1103,         0.2107
   1104,         0.2107
   1105,         0.2107
   1106,         0.2107
   1107,         0.2107
   1108,         0.2257
   1109,         0.2257
   1110,         0.2257
   1111,         0.2257
   1112,         0.2257
   1113,         0.2257
   1114,         0.2257
   1115,         0.2257
   1116,         0.2257
   1117,         0.2257
   1118,         0.2257
   1119,         0.2257
   1120,         0.2257
   1121,         0.2257
   1122,         0.2257
   1123,         0.2257
   1124,         0.2257
   1125,         0.2257
   1126,         0.2257
   1127,         0.2257
   1128,         0.2257
   1129,         0.2257
   1130,         0.2257
   1131,         0.2257
   1132,         0.2257
   1133,         0.2257
   1134,         0.2257
   1135,         0.2257
   1136,         0.2257
   1137,         0.2257
   1138,         0.2257
   1139,         0.2257
   1140,         0.2257
   1141,         0.2257
   1142,         0.2257
   1143,         0.2257
   1144,         0.2257
   1145,         0.3645
   1146,         0.4507
   1147,         0.4757
   1148,         0.4757
   1149,         0.4757
   1150,         0.4757
   1151,         0.4757
   1152,         0.4757
   1153,         0.4757
   1154,         0.4757
   1155,         0.4757
   1156,         0.4757
   1157,         0.4757
   1158,         0.4757
   1159,         0.4757
   1160,         0.4757
   1161,         0.4770
   1162,         0.4770
   1163,         0.4782
   1164,         0.4772
   1165,         0.4758
   1166,         0.4758
   1167,         0.4758
   1168,         0.4746
   1169,         0.4746
   1170,         0.4746
   1171,         0.4746
   1172,         0.4933
   1173,         0.4946
   1174,         0.4946
   1175,         0.4946
   1176,         0.5321
   1177,         0.5321
   1178,         0.5358
   1179,         0.5358
   1180,         0.5358
   1181,         0.5371
   1182,         0.5371
   1183,         0.5383
   1184,         0.5383
   1185,         0.3220
   1186,         0.3206
   1187,         0.3319
   1188,         0.4669
   1189,         0.4657
   1190,         0.4645
   1191,         0.4633
   1192,         0.4617
   1193,         0.1844
   1194,         0.1829
   1195,         0.0000
   1196,         0.0000
   1197,         0.0000
   1198,         0.0000
   1199,         0.0000
   1200,         0.0000
   1201,         0.0000
   1202,         0.0000
   1203,         0.0000
   1204,         0.0000
   1205,         0.0000
   1206,         0.0000
   1207,         0.0000
   1208,         0.0000
   1209,         0.0000
   1210,         0.0000
   1211,         0.0000
   1212,         0.0000
   1213,         0.0000
   1214,         0.0000
   1215,         0.0000
   1216,         0.0000
   1217,         0.0000
   1218,         0.0000
   1219,         0.0000
   1220,         0.0000
   1221,         0.0000
   1222,         0.0000
   1223,         0.0000
   1224,         0.0000
   1225,         0.0000
   1226,         0.0000
   1227,         0.0000
   1228,         0.0000
   1229,         0.0000
   1230,         0.0000
   1231,         0.0000
   1232,         0.0000
   1233,         0.0000
   1234,         0.0000
   1235,         0.0000
   1236,         0.0000
   1237,         0.0000
   1238,         0.0000
   1239,         0.0000
   1240,         0.0000
   1241,         0.0000
   1242,         0.0000
   1243,         0.0000
   1244,         0.0000
   1245,         0.0000
   1246,         0.0000
   1247,         0.0000
   1248,         0.0000
   1249,         0.0000
   1250,         0.0000
   1251,         0.0000
   1252,         0.0000
   1253,         0.0000
   1254,         0.0000
   1255,         0.0000
   1256,         0.0000
   1257,         0.0000
   1258,         0.0000
   1259,         0.0000
   1260,         0.0000
   1261,         0.0000
   1262,         0.0000
   1263,         0.0000
   1264,         0.0000
   1265,         0.0000
   1266,         0.0000
   1267,         0.0000
   1268,         0.0000
   1269,         0.0000
   1270,         0.0000
   1271,         0.0000
   1272,         0.0000
   1273,         0.0000
   1274,         0.0000
   1275,         0.0000
   1276,         0.0000
   1277,         0.0000
   1278,         0.0000
   1279,         0.0000
   1280,         0.0000
   1281,         0.0000
   1282,         0.0000
   1283,         0.0000
   1284,         0.0000
   1285,         0.0000
   1286,         0.0000
   1287,         0.0000
   1288,         0.0000
   1289,         0.0000
   1290,         0.0000
   1291,         0.0000
   1292,         0.0000
   1293,         0.0000
   1294,         0.0000
   1295,         0.0000
   1296,         0.0000
   1297,         0.0000
   1298,         0.0000
   1299,         0.0000
   1300,         0.0000
   1301,         0.0000
   1302,         0.0000
   1303,         0.0000
   1304,         0.0000
   1305,         0.0000
   1306,         0.0000
   1307,         0.0000
   1308,         0.0000
   1309,         0.0000
   1310,         0.0000
   1311,         0.0000
   1312,         0.0000
   1313,         0.0000
   1314,         0.0000
   1315,         0.0000
   1316,         0.0000
   1317,         0.0000
   1318,         0.0000
   1319,         0.0000
   1320,         0.0000
   1321,         0.0000
   1322,         0.0000
   1323,         0.0000
   1324,         0.0000
   1325,         0.0000
   1326,         0.0000
   1327,         0.0000
   1328,         0.0000
   1329,         0.0000
   1330,         0.0000
   1331,         0.0000
   1332,         0.0000
   1333,         0.0000
   1334,         0.0000
   1335,         0.0000
   1336,         0.0000
   1337,         0.0000
   1338,         0.0000
   1339,         0.0000
   1340,         0.0000
   1341,         0.0000
   1342,         0.0000
   1343,         0.0000
   1344,         0.0000
   1345,         0.0000
   1346,         0.0000
   1347,         0.0000
   1348,         0.0000
   1349,         0.0000
   1350,         0.0000
   1351,         0.0000
   1352,         0.0000
   1353,         0.0000
   1354,         0.0000
   1355,         0.0000
   1356,         0.0000
   1357,         0.0000
   1358,         0.0000
   1359,         0.0000
   1360,         0.0000
   1361,         0.0000
   1362,         0.0000
   1363,         0.0000
   1364,         0.0000
   1365,         0.0000
   1366,         0.0000
   1367,         0.0000
   1368,         0.0000
   1369,         0.0000
   1370,         0.0000
   1371,         0.0000
   1372,         0.0000
   1373,         0.0000
   1374,         0.0000
   1375,         0.0000
   1376,         0.0000
   1377,         0.0000
   1378,         0.0000
   1379,         0.0000
   1380,         0.0000
   1381,         0.0000
   1382,         0.0000
   1383,         0.0000
   1384,         0.0000
   1385,         0.0000
   1386,         0.0000
   1387,         0.0000
   1388,         0.0000
   1389,         0.0000
   1390,         0.0000
   1391,         0.0000
   1392,         0.0000
   1393,         0.0000
   1394,         0.0000
   1395,         0.0000
   1396,         0.0000
   1397,         0.0000
   1398,         0.0000
   1399,         0.0000
   1400,         0.0000
   1401,         0.0000
   1402,         0.0000
   1403,         0.0000
   1404,         0.0000
   1405,         0.0000
   1406,         0.0000
   1407,         0.0000
   1408,         0.0000
   1409,         0.0000
   1410,         0.0000
   1411,         0.0000
   1412,         0.0000
   1413,         0.0000
   1414,         0.0063
   1415,         0.0063
   1416,         0.0063
   1417,         0.0063
   1418,         0.0063
   1419,         0.0063
   1420,         0.0063
   1421,         0.0063
   1422,         0.0055
   1423,         0.0047
   1424,         0.0047
   1425,         0.0047
   1426,         0.0047
   1427,         0.0047
   1428,         0.0047
   1429,         0.0047
   1430,         0.0047
   1431,         0.0047
   1432,         0.0047
   1433,         0.0047
   1434,         0.0185
   1435,         0.0185
   1436,         0.0185
   1437,         0.0185
   1438,         0.0185
   1439,         0.0185
   1440,         0.0185
   1441,         0.0185
   1442,         0.0522
   1443,         0.0514
   1444,         0.0504
   1445,         0.0497
   1446,         0.0497
   1447,         0.0497
   1448,         0.0497
   1449,         0.0497
   1450,         0.0497
   1451,         0.0497
   1452,         0.0489
   1453,         0.0482
   1454,         0.0474
   1455,         0.0474
   1456,         0.0474
   1457,         0.0474
   1458,         0.0474
   1459,         0.0474
   1460,         0.0474
   1461,         0.0474
   1462,         0.0474
   1463,         0.0474
   1464,         0.0474
   1465,         0.0474
   1466,         0.0474
   1467,         0.0474
   1468,         0.0474
   1469,         0.0474
   1470,         0.0474
   1471,         0.0474
   1472,         0.0474
   1473,         0.0474
   1474,         0.0474
   1475,         0.0474
   1476,         0.0487
   1477,         0.0487
   1478,         0.0487
   1479,         0.0487
   1480,         0.0487
   1481,         0.0487
   1482,         0.0487
   1483,         0.0587
   1484,         0.0577
   1485,         0.0569
   1486,         0.0569
   1487,         0.0732
   1488,         0.0769
   1489,         0.0769
   1490,         0.0769
   1491,         0.0769
   1492,         0.0769
   1493,         0.0769
   1494,         0.0769
   1495,         0.0769
   1496,         0.0769
   1497,         0.0769
   1498,         0.0769
   1499,         0.0782
   1500,         0.0782
   1501,         0.0782
   1502,         0.0794
   1503,         0.0794
   1504,         0.0794
   1505,         0.0794
   1506,         0.0794
   1507,         0.0794
   1508,         0.0794
   1509,         0.0794
   1510,         0.0794
   1511,         0.0794
   1512,         0.0794
   1513,         0.0794
   1514,         0.0794
   1515,         0.0794
   1516,         0.0794
   1517,         0.0794
   1518,         0.0794
   1519,         0.0794
   1520,         0.0844
   1521,         0.0844
   1522,         0.1219
   1523,         0.1219
   1524,         0.1219
   1525,         0.1219
   1526,         0.1757
   1527,         0.2019
   1528,         0.2008
   1529,         0.1996
   1530,         0.0000
   1531,         0.0000
   1532,         0.0000
   1533,         0.0000
   1534,         0.0000
   1535,         0.0000
   1536,         0.0000
   1537,         0.0000
   1538,         0.0000
   1539,         0.0000
   1540,         0.0000
   1541,         0.0000
   1542,         0.0000
   1543,         0.0000
   1544,         0.0000
   1545,         0.0000
   1546,         0.0012
   1547,         0.0012
   1548,         0.0012
   1549,         0.0000
   1550,         0.0000
   1551,         0.0000
   1552,         0.0000
   1553,         0.0000
   1554,         0.0000
   1555,         0.0075
   1556,         0.0075
   1557,         0.0062
   1558,         0.0049
   1559,         0.0035
   1560,         0.0020
   1561,         0.0004
   1562,         0.0000
   1563,         0.0000
   1564,         0.0000
   1565,         0.0000
   1566,         0.0000
   1567,         0.0000
   1568,         0.0000
   1569,         0.0000
   1570,         0.0000
   1571,         0.0000
   1572,         0.0213
   1573,         0.0199
   1574,         0.0186
   1575,         0.0170
   1576,         0.0000
   1577,         0.0000
   1578,         0.0000
   1579,         0.0000
   1580,         0.0000
   1581,         0.0000
   1582,         0.0000
   1583,         0.0000
   1584,         0.0000
   1585,         0.0000
   1586,         0.0000
   1587,         0.0000
   1588,         0.0000
   1589,         0.0000
   1590,         0.0000
   1591,         0.0000
   1592,         0.0000
   1593,         0.0000
   1594,         0.0000
   1595,         0.0000
   1596,         0.0000
   1597,         0.0000
   1598,         0.0000
   1599,         0.0000
   1600,         0.0000
   1601,         0.0000
   1602,         0.0000
   1603,         0.0000
   1604,         0.0000
   1605,         0.0000
   1606,         0.0000
   1607,         0.0000
   1608,         0.0000
   1609,         0.0000
   1610,         0.0000
   1611,         0.0000
   1612,         0.0000
   1613,         0.0000
   1614,         0.0000
   1615,         0.0000
   1616,         0.0000
   1617,         0.0000
   1618,         0.0000
   1619,         0.0000
   1620,         0.0000
   1621,         0.0000
   1622,         0.0000
   1623,         0.0000
   1624,         0.0000
   1625,         0.0000
   1626,         0.0000
   1627,         0.0000
   1628,         0.0000
   1629,         0.0000
   1630,         0.0000
   1631,         0.0000
   1632,         0.0000
   1633,         0.0000
   1634,         0.0000
   1635,         0.0000
   1636,         0.0000
   1637,         0.0000
   1638,         0.0000
   1639,         0.0000
   1640,         0.0000
   1641,         0.0000
   1642,         0.0000
   1643,         0.0000
   1644,         0.0000
   1645,         0.0000
   1646,         0.0000
   1647,         0.0000
   1648,         0.0000
   1649,         0.0000
   1650,         0.0000
   1651,         0.0000
   1652,         0.0000
   1653,         0.0000
   1654,         0.0000
   1655,         0.0000
   1656,         0.0000
   1657,         0.0000
   1658,         0.0000
   1659,         0.0000
   1660,         0.0000
   1661,         0.0000
   1662,         0.0000
   1663,         0.0000
   1664,         0.0000
   1665,         0.0000
   1666,         0.0000
   1667,         0.0000
   1668,         0.0000
   1669,         0.0000
   1670,         0.0000
   1671,         0.0000
   1672,         0.0000
   1673,         0.0000
   1674,         0.0000
   1675,         0.0000
   1676,         0.0000
   1677,         0.0000
   1678,         0.0000
   1679,         0.0000
   1680,         0.0000
   1681,         0.0000
   1682,         0.0000
   1683,         0.0000
   1684,         0.0000
   1685,         0.0000
   1686,         0.0000
   1687,         0.0000
   1688,         0.0000
   1689,         0.0000
   1690,         0.0000
   1691,         0.0000
   1692,         0.0000
   1693,         0.0000
   1694,         0.0000
   1695,         0.0000
   1696,         0.0000
   1697,         0.0000
   1698,         0.0000
   1699,         0.0000
   1700,         0.0000
   1701,         0.0000
   1702,         0.0000
   1703,         0.0000
   1704,         0.0000
   1705,         0.0000
   1706,         0.0000
   1707,         0.0000
   1708,         0.0000
   1709,         0.0000
   1710,         0.0000
   1711,         0.0000
   1712,         0.0000
   1713,         0.0000
   1714,         0.0000
   1715,         0.0000
   1716,         0.0000
   1717,         0.0000
   1718,         0.0000
   1719,         0.0000
   1720,         0.0000
   1721,         0.0000
   1722,         0.0000
   1723,         0.0000
   1724,         0.0000
   1725,         0.0000
   1726,         0.0000
   1727,         0.0000
   1728,         0.0000
   1729,         0.0000
   1730,         0.0000
   1731,         0.0000
   1732,         0.0000
   1733,         0.0000
   1734,         0.0000
   1735,         0.0000
   1736,         0.0000
   1737,         0.0000
   1738,         0.0000
   1739,         0.0000
   1740,         0.0000
   1741,         0.0000
   1742,         0.0000
   1743,         0.0000
   1744,         0.0000
   1745,         0.0000
   1746,         0.0000
   1747,         0.0000
   1748,         0.0000
   1749,         0.0000
   1750,         0.0000
   1751,         0.0000
   1752,         0.0000
   1753,         0.0000
   1754,         0.0000
   1755,         0.0000
   1756,         0.0000
   1757,         0.0000
   1758,         0.0000
   1759,         0.0000
   1760,         0.0000
   1761,         0.0000
   1762,         0.0000
   1763,         0.0000
   1764,         0.0000
   1765,         0.0000
   1766,         0.0000
   1767,         0.0000
   1768,         0.0000
   1769,         0.0000
   1770,         0.0000
   1771,         0.0000
   1772,         0.0000
   1773,         0.0000
   1774,         0.0000
   1775,         0.0000
   1776,         0.0000
   1777,         0.0000
   1778,         0.0000
   1779,         0.0000
   1780,         0.0000
   1781,         0.0000
   1782,         0.0000
   1783,         0.0000
   1784,         0.0012
   1785,         0.0012
   1786,         0.0012
   1787,         0.0012
   1788,         0.0005
   1789,         0.0000
   1790,         0.0000
   1791,         0.0000
   1792,         0.0000
   1793,         0.0000
   1794,         0.0000
   1795,         0.0000
   1796,         0.0000
   1797,         0.0000
   1798,         0.0050
   1799,         0.0042
   1800,         0.0033
   1801,         0.0025
   1802,         0.0017
   1803,         0.0009
   1804,         0.0001
   1805,         0.0000
   1806,         0.0000
   1807,         0.0000
   1808,         0.0000
   1809,         0.0000
   1810,         0.0000
   1811,         0.0000
   1812,         0.0000
   1813,         0.0000
   1814,         0.0000
   1815,         0.0000
   1816,         0.0000
   1817,         0.0000
   1818,         0.0000
   1819,         0.0000
   1820,         0.0000
   1821,         0.0000
   1822,         0.0000
   1823,         0.0000
   1824,         0.0000
   1825,         0.0000
   1826,         0.0000
   1827,         0.0075
   1828,         0.0075
   1829,         0.0075
   1830,         0.0088
   1831,         0.0088
   1832,         0.0088
   1833,         0.0080
   1834,         0.0080
   1835,         0.0080
   1836,         0.0080
   1837,         0.0080
   1838,         0.0080
   1839,         0.0080
   1840,         0.0080
   1841,         0.0080
   1842,         0.0080
   1843,         0.0080
   1844,         0.0080
   1845,         0.0080
   1846,         0.0080
   1847,         0.0080
   1848,         0.0080
   1849,         0.0080
   1850,         0.0080
   1851,         0.0080
   1852,         0.0080
   1853,         0.0080
   1854,         0.0080
   1855,         0.0080
   1856,         0.0071
   1857,         0.0546
   1858,         0.0546
   1859,         0.0546
   1860,         0.0546
   1861,         0.0546
   1862,         0.0546
   1863,         0.0696
   1864,         0.0733
   1865,         0.0733
   1866,         0.0733
   1867,         0.0733
   1868,         0.0733
   1869,         0.0733
   1870,         0.0733
   1871,         0.0733
   1872,         0.0733
   1873,         0.0796
   1874,         0.0808
   1875,         0.0933
   1876,         0.0922
   1877,         0.0911
   1878,         0.0911
   1879,         0.0911
   1880,         0.0901
   1881,         0.0901
   1882,         0.0901
   1883,         0.0901
   1884,         0.0000
   1885,         0.0038
   1886,         0.0038
   1887,         0.0175
   1888,         0.0188
   1889,         0.0188
   1890,         0.0188
   1891,         0.0188
   1892,         0.0000
   1893,         0.0000
   1894,         0.0000
   1895,         0.0000
   1896,         0.0000
   1897,         0.0000
   1898,         0.0000
   1899,         0.0000
   1900,         0.0000
   1901,         0.0000
   1902,         0.0000
   1903,         0.0200
   1904,         0.0189
   1905,         0.0389
   1906,         0.0378
   1907,         0.0365
   1908,         0.0352
   1909,         0.0340
   1910,         0.0328
   1911,         0.0315
   1912,         0.0304
   1913,         0.0000
   1914,         0.0000
   1915,         0.0000
   1916,         0.0000
   1917,         0.0000
   1918,         0.0000
   1919,         0.0262
   1920,         0.0251
   1921,         0.0251
   1922,         0.0251
   1923,         0.0238
   1924,         0.0224
   1925,         0.0224
   1926,         0.0224
   1927,         0.0210
   1928,         0.0223
   1929,         0.0209
   1930,         0.0000
   1931,         0.0000
   1932,         0.0000
   1933,         0.0000
   1934,         0.0000
   1935,         0.0000
   1936,         0.0000
   1937,         0.0000
   1938,         0.0000
   1939,         0.0000
   1940,         0.0000
   1941,         0.0000
   1942,         0.0000
   1943,         0.0000
   1944,         0.0000
   1945,         0.0000
   1946,         0.0000
   1947,         0.0000
   1948,         0.0000
   1949,         0.0000
   1950,         0.0000
   1951,         0.0000
   1952,         0.0000
   1953,         0.0000
   1954,         0.0000
   1955,         0.0000
   1956,         0.0000
   1957,         0.0000
   1958,         0.0000
   1959,         0.0000
   1960,         0.0000
   1961,         0.0000
   1962,         0.0000
   1963,         0.0000
   1964,         0.0000
   1965,         0.0000
   1966,         0.0000
   1967,         0.0000
   1968,         0.0000
   1969,         0.0000
   1970,         0.0000
   1971,         0.0000
   1972,         0.0000
   1973,         0.0000
   1974,         0.0000
   1975,         0.0000
   1976,         0.0000
   1977,         0.0000
   1978,         0.0000
   1979,         0.0000
   1980,         0.0000
   1981,         0.0000
   1982,         0.0000
   1983,         0.0000
   1984,         0.0000
   1985,         0.0000
   1986,         0.0000
   1987,         0.0000
   1988,         0.0000
   1989,         0.0000
   1990,         0.0000
   1991,         0.0000
   1992,         0.0000
   1993,         0.0000
   1994,         0.0000
   1995,         0.0000
   1996,         0.0000
   1997,         0.0000
   1998,         0.0000
   1999,         0.0000
   2000,         0.0000
   2001,         0.0000
   2002,         0.0000
   2003,         0.0000
   2004,         0.0000
   2005,         0.0000
   2006,         0.0000
   2007,         0.0000
   2008,         0.0000
   2009,         0.0000
   2010,         0.0000
   2011,         0.0000
   2012,         0.0000
   2013,         0.0000
   2014,         0.0000
   2015,         0.0000
   2016,         0.0000
   2017,         0.0000
   2018,         0.0000
   2019,         0.0000
   2020,         0.0000
   2021,         0.0000
   2022,         0.0000
   2023,         0.0000
   2024,         0.0000
   2025,         0.0000
   2026,         0.0000
   2027,         0.0000
   2028,         0.0000
   2029,         0.0000
   2030,         0.0000
   2031,         0.0000
   2032,         0.0000
   2033,         0.0000
   2034,         0.0000
   2035,         0.0000
   2036,         0.0000
   2037,         0.0000
   2038,         0.0000
   2039,         0.0000
   2040,         0.0000
   2041,         0.0000
   2042,         0.0000
   2043,         0.0000
   2044,         0.0000
   2045,         0.0000
   2046,         0.0000
   2047,         0.0000
   2048,         0.0000
   2049,         0.0000
   2050,         0.0000
   2051,         0.0000
   2052,         0.0000
   2053,         0.0000
   2054,         0.0000
   2055,         0.0000
   2056,         0.0000
   2057,         0.0000
   2058,         0.0000
   2059,         0.0000
   2060,         0.0000
   2061,         0.0000
   2062,         0.0000
   2063,         0.0000
   2064,         0.0000
   2065,         0.0000
   2066,         0.0000
   2067,         0.0000
   2068,         0.0000
   2069,         0.0000
   2070,         0.0000
   2071,         0.0000
   2072,         0.0000
   2073,         0.0000
   2074,         0.0000
   2075,         0.0000
   2076,         0.0000
   2077,         0.0000
   2078,         0.0000
   2079,         0.0000
   2080,         0.0000
   2081,         0.0000
   2082,         0.0000
   2083,         0.0000
   2084,         0.0000
   2085,         0.0000
   2086,         0.0000
   2087,         0.0000
   2088,         0.0000
   2089,         0.0000
   2090,         0.0000
   2091,         0.0000
   2092,         0.0000
   2093,         0.0000
   2094,         0.0000
   2095,         0.0000
   2096,         0.0000
   2097,         0.0000
   2098,         0.0000
   2099,         0.0000
   2100,         0.0000
   2101,         0.0000
   2102,         0.0000
   2103,         0.0000
   2104,         0.0000
   2105,         0.0000
   2106,         0.0000
   2107,         0.0000
   2108,         0.0000
   2109,         0.0000
   2110,         0.0000
   2111,         0.0000
   2112,         0.0000
   2113,         0.0000
   2114,         0.0000
   2115,         0.0000
   2116,         0.0000
   2117,         0.0000
   2118,         0.0000
   2119,         0.0000
   2120,         0.0000
   2121,         0.0000
   2122,         0.0000
   2123,         0.0000
   2124,         0.0000
   2125,         0.0000
   2126,         0.0000
   2127,         0.0000
   2128,         0.0000
   2129,         0.0000
   2130,         0.0000
   2131,         0.0000
   2132,         0.0000
   2133,         0.0000
   2134,         0.0000
   2135,         0.0000
   2136,         0.0000
   2137,         0.0000
   2138,         0.0000
   2139,         0.0000
   2140,         0.0000
   2141,         0.0000
   2142,         0.0000
   2143,         0.0000
   2144,         0.0000
   2145,         0.0000
   2146,         0.0000
   2147,         0.0000
   2148,         0.0000
   2149,         0.0450
   2150,         0.0450
   2151,         0.0450
   2152,         0.0462
   2153,         0.0455
   2154,         0.0448
   2155,         0.0440
   2156,         0.0432
   2157,         0.0424
   2158,         0.0416
   2159,         0.0000
   2160,         0.0000
   2161,         0.0000
   2162,         0.0000
   2163,         0.0000
   2164,         0.0000
   2165,         0.0000
   2166,         0.0000
   2167,         0.0025
   2168,         0.0025
   2169,         0.0025
   2170,         0.0025
   2171,         0.0025
   2172,         0.0025
   2173,         0.0025
   2174,         0.0025
   2175,         0.0025
   2176,         0.0025
   2177,         0.0025
   2178,         0.0025
   2179,         0.0025
   2180,         0.0025
   2181,         0.0037
   2182,         0.0037
   2183,         0.0037
   2184,         0.0037
   2185,         0.0037
   2186,         0.0037
   2187,         0.0037
   2188,         0.0037
   2189,         0.0037
   2190,         0.0037
   2191,         0.0037
   2192,         0.0037
   2193,         0.0037
   2194,         0.0037
   2195,         0.0037
   2196,         0.0037
   2197,         0.0037
   2198,         0.0037
   2199,         0.0037
   2200,         0.0037
   2201,         0.0037
   2202,         0.0037
   2203,         0.0037
   2204,         0.0037
   2205,         0.0037
   2206,         0.0037
   2207,         0.0050
   2208,         0.0100
   2209,         0.0092
   2210,         0.0084
   2211,         0.0075
   2212,         0.0065
   2213,         0.0055
   2214,         0.0046
   2215,         0.0038
   2216,         0.0038
   2217,         0.0038
   2218,         0.0050
   2219,         0.0050
   2220,         0.0050
   2221,         0.0050
   2222,         0.0050
   2223,         0.0050
   2224,         0.0050
   2225,         0.0050
   2226,         0.0050
   2227,         0.0050
   2228,         0.0050
   2229,         0.0050
   2230,         0.0050
   2231,         0.0050
   2232,         0.1388
   2233,         0.1475
   2234,         0.1763
   2235,         0.1754
   2236,         0.1754
   2237,         0.1754
   2238,         0.1754
   2239,         0.0000
   2240,         0.0000
   2241,         0.0000
   2242,         0.0000
   2243,         0.0000
   2244,         0.0000
   2245,         0.0237
   2246,         0.0237
   2247,         0.0237
   2248,         0.0237
   2249,         0.0262
   2250,         0.0262
   2251,         0.0262
   2252,         0.0262
   2253,         0.0262
   2254,         0.0262
   2255,         0.0000
   2256,         0.0000
   2257,         0.0025
   2258,         0.0025
   2259,         0.0025
   2260,         0.0025
   2261,         0.0025
   2262,         0.0025
   2263,         0.0025
   2264,         0.0037
   2265,         0.0037
   2266,         0.0026
   2267,         0.0015
   2268,         0.0440
   2269,         0.0426
   2270,         0.0000
   2271,         0.0000
   2272,         0.0000
   2273,         0.0000
   2274,         0.0000
   2275,         0.0000
   2276,         0.0000
   2277,         0.0000
   2278,         0.0000
   2279,         0.0000
   2280,         0.0000
   2281,         0.0000
   2282,         0.0000
   2283,         0.0000
   2284,         0.0000
   2285,         0.0000
   2286,         0.0000
   2287,         0.0000
   2288,         0.0000
   2289,         0.0000
   2290,         0.0000
   2291,         0.0000
   2292,         0.0000
   2293,         0.0000
   2294,         0.0000
   2295,         0.0000
   2296,         0.0000
   2297,         0.0000
   2298,         0.0000
   2299,         0.0000
   2300,         0.0000
   2301,         0.0000
   2302,         0.0000
   2303,         0.0000
   2304,         0.0000
   2305,         0.0000
   2306,         0.0000
   2307,         0.0038
   2308,         0.0162
   2309,         0.0146
   2310,         0.0000
   2311,         0.0000
   2312,         0.0000
   2313,         0.0000
   2314,         0.0000
   2315,         0.0000
   2316,         0.0000
   2317,         0.0000
   2318,         0.0000
   2319,         0.0000
   2320,         0.0000
   2321,         0.0000
   2322,         0.0000
   2323,         0.0000
   2324,         0.0000
   2325,         0.0000
   2326,         0.0000
   2327,         0.0000
   2328,         0.0000
   2329,         0.0000
   2330,         0.0000
   2331,         0.0000
   2332,         0.0000
   2333,         0.0000
   2334,         0.0000
   2335,         0.0000
   2336,         0.0000
   2337,         0.0000
   2338,         0.0000
   2339,         0.0000
   2340,         0.0000
   2341,         0.0000
   2342,         0.0000
   2343,         0.0000
   2344,         0.0000
   2345,         0.0000
   2346,         0.0000
   2347,         0.0000
   2348,         0.0000
   2349,         0.0000
   2350,         0.0000
   2351,         0.0000
   2352,         0.0000
   2353,         0.0000
   2354,         0.0000
   2355,         0.0000
   2356,         0.0000
   2357,         0.0000
   2358,         0.0000
   2359,         0.0000
   2360,         0.0000
   2361,         0.0000
   2362,         0.0000
   2363,         0.0000
   2364,         0.0000
   2365,         0.0000
   2366,         0.0000
   2367,         0.0000
   2368,         0.0000
   2369,         0.0000
   2370,         0.0000
   2371,         0.0000
   2372,         0.0000
   2373,         0.0000
   2374,         0.0000
   2375,         0.0000
   2376,         0.0000
   2377,         0.0000
   2378,         0.0000
   2379,         0.0000
   2380,         0.0000
   2381,         0.0000
   2382,         0.0000
   2383,         0.0000
   2384,         0.0000
   2385,         0.0000
   2386,         0.0000
   2387,         0.0000
   2388,         0.0000
   2389,         0.0000
   2390,         0.0000
   2391,         0.0000
   2392,         0.0000
   2393,         0.0000
   2394,         0.0000
   2395,         0.0000
   2396,         0.0000
   2397,         0.0000
   2398,         0.0000
   2399,         0.0000
   2400,         0.0000
   2401,         0.0000
   2402,         0.0000
   2403,         0.0000
   2404,         0.0000
   2405,         0.0000
   2406,         0.0000
   2407,         0.0000
   2408,         0.0000
   2409,         0.0000
   2410,         0.0000
   2411,         0.0000
   2412,         0.0000
   2413,         0.0000
   2414,         0.0000
   2415,         0.0000
   2416,         0.0000
   2417,         0.0000
   2418,         0.0000
   2419,         0.0000
   2420,         0.0000
   2421,         0.0000
   2422,         0.0000
   2423,         0.0000
   2424,         0.0000
   2425,         0.0000
   2426,         0.0000
   2427,         0.0000
   2428,         0.0000
   2429,         0.0000
   2430,         0.0000
   2431,         0.0000
   2432,         0.0000
   2433,         0.0000
   2434,         0.0000
   2435,         0.0000
   2436,         0.0000
   2437,         0.0000
   2438,         0.0000
   2439,         0.0000
   2440,         0.0000
   2441,         0.0000
   2442,         0.0000
   2443,         0.0000
   2444,         0.0000
   2445,         0.0000
   2446,         0.0000
   2447,         0.0000
   2448,         0.0000
   2449,         0.0000
   2450,         0.0000
   2451,         0.0000
   2452,         0.0000
   2453,         0.0000
   2454,         0.0000
   2455,         0.0000
   2456,         0.0000
   2457,         0.0000
   2458,         0.0000
   2459,         0.0000
   2460,         0.0000
   2461,         0.0000
   2462,         0.0000
   2463,         0.0000
   2464,         0.0000
   2465,         0.0000
   2466,         0.0000
   2467,         0.0000
   2468,         0.0000
   2469,         0.0000
   2470,         0.0000
   2471,         0.0000
   2472,         0.0000
   2473,         0.0000
   2474,         0.0000
   2475,         0.0000
   2476,         0.0000
   2477,         0.0000
   2478,         0.0000
   2479,         0.0000
   2480,         0.0000
   2481,         0.0000
   2482,         0.0000
   2483,         0.0000
   2484,         0.0000
   2485,         0.0000
   2486,         0.0000
   2487,         0.0000
   2488,         0.0000
   2489,         0.0000
   2490,         0.0000
   2491,         0.0000
   2492,         0.0000
   2493,         0.0000
   2494,         0.0000
   2495,         0.0000
   2496,         0.0000
   2497,         0.0000
   2498,         0.0000
   2499,         0.0000
   2500,         0.0137
   2501,         0.0375
   2502,         0.0413
   2503,         0.0438
   2504,         0.0438
   2505,         0.0438
   2506,         0.0475
   2507,         0.0475
   2508,         0.0738
   2509,         0.0728
   2510,         0.0721
   2511,         0.0721
   2512,         0.0713
   2513,         0.0713
   2514,         0.0713
   2515,         0.0706
   2516,         0.0706
   2517,         0.0706
   2518,         0.0881
   2519,         0.0872
   2520,         0.0872
   2521,         0.0865
   2522,         0.0856
   2523,         0.0848
   2524,         0.0848
   2525,         0.0841
   2526,         0.0833
   2527,         0.0826
   2528,         0.0818
   2529,         0.0810
   2530,         0.0810
   2531,         0.0810
   2532,         0.0810
   2533,         0.0810
   2534,         0.0810
   2535,         0.0810
   2536,         0.0810
   2537,         0.0810
   2538,         0.0810
   2539,         0.0810
   2540,         0.0810
   2541,         0.0810
   2542,         0.0810
   2543,         0.0803
   2544,         0.0803
   2545,         0.0803
   2546,         0.0803
   2547,         0.0803
   2548,         0.0803
   2549,         0.0803
   2550,         0.0803
   2551,         0.0803
   2552,         0.0803
   2553,         0.0803
   2554,         0.0803
   2555,         0.0803
   2556,         0.0803
   2557,         0.0803
   2558,         0.0803
   2559,         0.0803
   2560,         0.0803
   2561,         0.0803
   2562,         0.0803
   2563,         0.1115
   2564,         0.1115
   2565,         0.1115
   2566,         0.1106
   2567,         0.1106
   2568,         0.1106
   2569,         0.1106
   2570,         0.1106
   2571,         0.1106
   2572,         0.1106
   2573,         0.1994
   2574,         0.2544
   2575,         0.2535
   2576,         0.2535
   2577,         0.2535
   2578,         0.2535
   2579,         0.2535
   2580,         0.2535
   2581,         0.2535
   2582,         0.2527
   2583,         0.2527
   2584,         0.2527
   2585,         0.2527
   2586,         0.2527
   2587,         0.2589
   2588,         0.2589
   2589,         0.2589
   2590,         0.2589
   2591,         0.2589
   2592,         0.2589
   2593,         0.2589
   2594,         0.2589
   2595,         0.2589
   2596,         0.2589
   2597,         0.2614
   2598,         0.2614
   2599,         0.2614
   2600,         0.2639
   2601,         0.2630
   2602,         0.2630
   2603,         0.2630
   2604,         0.2630
   2605,         0.2630
   2606,         0.2630
   2607,         0.2630
   2608,         0.3342
   2609,         0.3530
   2610,         0.4380
   2611,         0.4380
   2612,         0.5305
   2613,         0.5305
   2614,         0.5294
   2615,         0.5284
   2616,         0.5284
   2617,         0.5284
   2618,         0.5272
   2619,         0.5260
   2620,         0.5248
   2621,         0.5248
   2622,         0.5248
   2623,         0.5248
   2624,         0.5248
   2625,         0.5248
   2626,         0.5237
   2627,         0.5227
   2628,         0.5227
   2629,         0.5215
   2630,         0.5215
   2631,         0.5215
   2632,         0.5203
   2633,         0.5192
   2634,         0.5180
   2635,         0.5180
   2636,         0.5169
   2637,         0.5156
   2638,         0.5145
   2639,         0.5133
   2640,         0.5121
   2641,         0.5109
   2642,         0.5095
   2643,         0.5081
   2644,         0.5081
   2645,         0.5081
   2646,         0.7268
   2647,         0.7306
   2648,         0.7306
   2649,         0.7306
   2650,         0.7306
   2651,         0.7331
   2652,         0.7331
   2653,         0.7331
   2654,         0.7331
   2655,         0.7319
   2656,         0.7319
   2657,         0.4947
   2658,         0.4932
   2659,         0.4918
   2660,         0.4918
   2661,         0.4980
   2662,         0.5718
   2663,         0.3773
   2664,         0.1590
   2665,         0.0000
   2666,         0.0000
   2667,         0.0000
   2668,         0.0000
   2669,         0.0000
   2670,         0.0000
   2671,         0.0000
   2672,         0.0000
   2673,         0.0000
   2674,         0.0000
   2675,         0.0000
   2676,         0.0000
   2677,         0.0000
   2678,         0.0000
   2679,         0.0000
   2680,         0.0000
   2681,         0.0000
   2682,         0.0000
   2683,         0.0000
   2684,         0.0000
   2685,         0.0000
   2686,         0.0000
   2687,         0.0000
   2688,         0.0000
   2689,         0.0000
   2690,         0.0000
   2691,         0.0000
   2692,         0.0000
   2693,         0.0000
   2694,         0.0000
   2695,         0.0000
   2696,         0.0000
   2697,         0.0000
   2698,         0.0000
   2699,         0.0000
   2700,         0.0000
   2701,         0.0000
   2702,         0.0000
   2703,         0.0000
   2704,         0.0000
   2705,         0.0000
   2706,         0.0000
   2707,         0.0000
   2708,         0.0000
   2709,         0.0000
   2710,         0.0000
   2711,         0.0000
   2712,         0.0000
   2713,         0.0000
   2714,         0.0000
   2715,         0.0000
   2716,         0.0000
   2717,         0.0000
   2718,         0.0000
   2719,         0.0000
   2720,         0.0000
   2721,         0.0000
   2722,         0.0000
   2723,         0.0000
   2724,         0.0000
   2725,         0.0000
   2726,         0.0000
   2727,         0.0000
   2728,         0.0000
   2729,         0.0000
   2730,         0.0000
   2731,         0.0000
   2732,         0.0000
   2733,         0.0000
   2734,         0.0000
   2735,         0.0000
   2736,         0.0000
   2737,         0.0000
   2738,         0.0000
   2739,         0.0000
   2740,         0.0000
   2741,         0.0000
   2742,         0.0000
   2743,         0.0000
   2744,         0.0000
   2745,         0.0000
   2746,         0.0000
   2747,         0.0000
   2748,         0.0000
   2749,         0.0000
   2750,         0.0000
   2751,         0.0000
   2752,         0.0000
   2753,         0.0000
   2754,         0.0000
   2755,         0.0000
   2756,         0.0000
   2757,         0.0000
   2758,         0.0000
   2759,         0.0000
   2760,         0.0000
   2761,         0.0000
   2762,         0.0000
   2763,         0.0000
   2764,         0.0000
   2765,         0.0000
   2766,         0.0000
   2767,         0.0000
   2768,         0.0000
   2769,         0.0000
   2770,         0.0000
   2771,         0.0000
   2772,         0.0000
   2773,         0.0000
   2774,         0.0000
   2775,         0.0000
   2776,         0.0000
   2777,         0.0000
   2778,         0.0000
   2779,         0.0000
   2780,         0.0000
   2781,         0.0000
   2782,         0.0000
   2783,         0.0000
   2784,         0.0000
   2785,         0.0000
   2786,         0.0000
   2787,         0.0000
   2788,         0.0000
   2789,         0.0000
   2790,         0.0000
   2791,         0.0000
   2792,         0.0000
   2793,         0.0000
   2794,         0.0000
   2795,         0.0000
   2796,         0.0000
   2797,         0.0000
   2798,         0.0000
   2799,         0.0000
   2800,         0.0000
   2801,         0.0000
   2802,         0.0000
   2803,         0.0000
   2804,         0.0000
   2805,         0.0000
   2806,         0.0000
   2807,         0.0000
   2808,         0.0000
   2809,         0.0000
   2810,         0.0000
   2811,         0.0000
   2812,         0.0000
   2813,         0.0000
   2814,         0.0000
   2815,         0.0000
   2816,         0.0000
   2817,         0.0000
   2818,         0.0000
   2819,         0.0000
   2820,         0.0000
   2821,         0.0000
   2822,         0.0000
   2823,         0.0000
   2824,         0.0000
   2825,         0.0000
   2826,         0.0000
   2827,         0.0000
   2828,         0.0000
   2829,         0.0000
   2830,         0.0000
   2831,         0.0000
   2832,         0.0000
   2833,         0.0000
   2834,         0.0000
   2835,         0.0000
   2836,         0.0000
   2837,         0.0000
   2838,         0.0000
   2839,         0.0000
   2840,         0.0000
   2841,         0.0000
   2842,         0.0000
   2843,         0.0000
   2844,         0.0000
   2845,         0.0000
   2846,         0.0000
   2847,         0.0000
   2848,         0.0000
   2849,         0.0000
   2850,         0.0000
   2851,         0.0000
   2852,         0.0000
   2853,         0.0000
   2854,         0.0000
   2855,         0.0000
   2856,         0.0000
   2857,         0.0000
   2858,         0.0000
   2859,         0.0000
   2860,         0.0000
   2861,         0.0000
   2862,         0.0000
   2863,         0.0000
   2864,         0.0000
   2865,         0.0000
   2866,         0.0000
   2867,         0.0150
   2868,         0.0150
   2869,         0.0213
   2870,         0.0213
   2871,         0.0463
   2872,         0.0463
   2873,         0.0463
   2874,         0.0463
   2875,         0.0454
   2876,         0.0467
   2877,         0.0467
   2878,         0.0467
   2879,         0.0467
   2880,         0.0467
   2881,         0.0504
   2882,         0.0617
   2883,         0.0607
   2884,         0.0707
   2885,         0.0707
   2886,         0.0707
   2887,         0.0720
   2888,         0.0720
   2889,         0.1195
   2890,         0.1407
   2891,         0.1407
   2892,         0.1407
   2893,         0.1407
   2894,         0.1407
   2895,         0.1407
   2896,         0.1407
   2897,         0.1420
   2898,         0.1420
   2899,         0.1420
   2900,         0.1420
   2901,         0.1420
   2902,         0.1420
   2903,         0.1432
   2904,         0.1432
   2905,         0.1425
   2906,         0.1418
   2907,         0.1418
   2908,         0.1418
   2909,         0.1543
   2910,         0.1618
   2911,         0.1618
   2912,         0.1830
   2913,         0.1880
   2914,         0.2055
   2915,         0.2093
   2916,         0.2105
   2917,         0.3943
   2918,         0.3943
   2919,         0.3943
   2920,         0.4130
